Mês,Receita,Valor
receitas_abril_2018.csv,Descrição da Receita,Realizado
receitas_abril_2018.csv,CONVÊNIO PMC, 0.00
receitas_abril_2018.csv,ESTACIONAMENTO ROTATIVO, 0.00
receitas_abril_2018.csv,MULTAS DE TRÂNSITO, 0.00
receitas_abril_2018.csv,MULTAS DE TRANSPORTES, 0.00
receitas_abril_2018.csv,OUTRAS RECEITAS, 0.00
receitas_abril_2018.csv,PÁTIO DE VEÍCULOS, 0.00
receitas_abril_2018.csv,RECEITAS FINANCEIRAS, 0.00
receitas_abril_2018.csv,TAXA DE GERENCIAMENTO INTERCAMP, 0.00
receitas_abril_2018.csv,TAXA DE TAXI, 0.00
receitas_abril_2018.csv,VISTORIA DE VEÍCULOS, 0.00
receitas_abril_2018.csv,Dia: 02/04/2018,
receitas_abril_2018.csv,Descrição da Receita,Realizado
receitas_abril_2018.csv,CONVÊNIO PMC, 0.00
receitas_abril_2018.csv,ESTACIONAMENTO ROTATIVO, 3900.00
receitas_abril_2018.csv,MULTAS DE TRÂNSITO, 247878.57
receitas_abril_2018.csv,MULTAS DE TRANSPORTES, 604154.17
receitas_abril_2018.csv,OUTRAS RECEITAS, 32949.11
receitas_abril_2018.csv,PÁTIO DE VEÍCULOS, 36094.30
receitas_abril_2018.csv,RECEITAS FINANCEIRAS, 18.33
receitas_abril_2018.csv,TAXA DE GERENCIAMENTO INTERCAMP, 60601.72
receitas_abril_2018.csv,TAXA DE TAXI, 1953.01
receitas_abril_2018.csv,VISTORIA DE VEÍCULOS, 1845.55
receitas_abril_2018.csv,Dia: 03/04/2018,
receitas_abril_2018.csv,Descrição da Receita,Realizado
receitas_abril_2018.csv,CONVÊNIO PMC, 0.00
receitas_abril_2018.csv,ESTACIONAMENTO ROTATIVO, 19408.49
receitas_abril_2018.csv,MULTAS DE TRÂNSITO, 333241.49
receitas_abril_2018.csv,MULTAS DE TRANSPORTES, 3926.95
receitas_abril_2018.csv,OUTRAS RECEITAS, 21319.60
receitas_abril_2018.csv,PÁTIO DE VEÍCULOS, 31745.24
receitas_abril_2018.csv,RECEITAS FINANCEIRAS, 0.00
receitas_abril_2018.csv,TAXA DE GERENCIAMENTO INTERCAMP, 32361.66
receitas_abril_2018.csv,TAXA DE TAXI, 1608.02
receitas_abril_2018.csv,VISTORIA DE VEÍCULOS, 4172.72
receitas_abril_2018.csv,Dia: 04/04/2018,
receitas_abril_2018.csv,Descrição da Receita,Realizado
receitas_abril_2018.csv,CONVÊNIO PMC, 0.00
receitas_abril_2018.csv,ESTACIONAMENTO ROTATIVO, 10668.00
receitas_abril_2018.csv,MULTAS DE TRÂNSITO, 317586.74
receitas_abril_2018.csv,MULTAS DE TRANSPORTES, 2171.61
receitas_abril_2018.csv,OUTRAS RECEITAS, 27324.49
receitas_abril_2018.csv,PÁTIO DE VEÍCULOS, 35527.05
receitas_abril_2018.csv,RECEITAS FINANCEIRAS, 64.52
receitas_abril_2018.csv,TAXA DE GERENCIAMENTO INTERCAMP, 32285.88
receitas_abril_2018.csv,TAXA DE TAXI, 1217.24
receitas_abril_2018.csv,VISTORIA DE VEÍCULOS, 461.24
receitas_abril_2018.csv,Dia: 05/04/2018,
receitas_abril_2018.csv,Descrição da Receita,Realizado
receitas_abril_2018.csv,CONVÊNIO PMC, 0.00
receitas_abril_2018.csv,ESTACIONAMENTO ROTATIVO, 3492.00
receitas_abril_2018.csv,MULTAS DE TRÂNSITO, 293066.71
receitas_abril_2018.csv,MULTAS DE TRANSPORTES, 1993.31
receitas_abril_2018.csv,OUTRAS RECEITAS, 224.31
receitas_abril_2018.csv,PÁTIO DE VEÍCULOS, 30196.87
receitas_abril_2018.csv,RECEITAS FINANCEIRAS, 0.00
receitas_abril_2018.csv,TAXA DE GERENCIAMENTO INTERCAMP, 33035.81
receitas_abril_2018.csv,TAXA DE TAXI, 1762.61
receitas_abril_2018.csv,VISTORIA DE VEÍCULOS, 366.90
receitas_abril_2018.csv,Dia: 06/04/2018,
receitas_abril_2018.csv,Descrição da Receita,Realizado
receitas_abril_2018.csv,CONVÊNIO PMC, 0.00
receitas_abril_2018.csv,ESTACIONAMENTO ROTATIVO, 16200.00
receitas_abril_2018.csv,MULTAS DE TRÂNSITO, 208150.80
receitas_abril_2018.csv,MULTAS DE TRANSPORTES, 3698.98
receitas_abril_2018.csv,OUTRAS RECEITAS, 144.17
receitas_abril_2018.csv,PÁTIO DE VEÍCULOS, 21923.09
receitas_abril_2018.csv,RECEITAS FINANCEIRAS, 0.00
receitas_abril_2018.csv,TAXA DE GERENCIAMENTO INTERCAMP, 66513.58
receitas_abril_2018.csv,TAXA DE TAXI, 539.11
receitas_abril_2018.csv,VISTORIA DE VEÍCULOS, 252.63
receitas_abril_2018.csv,Dia: 07/04/2018,
receitas_abril_2018.csv,Descrição da Receita,Realizado
receitas_abril_2018.csv,CONVÊNIO PMC, 0.00
receitas_abril_2018.csv,ESTACIONAMENTO ROTATIVO, 0.00
receitas_abril_2018.csv,MULTAS DE TRÂNSITO, 0.00
receitas_abril_2018.csv,MULTAS DE TRANSPORTES, 0.00
receitas_abril_2018.csv,OUTRAS RECEITAS, 0.00
receitas_abril_2018.csv,PÁTIO DE VEÍCULOS, 0.00
receitas_abril_2018.csv,RECEITAS FINANCEIRAS, 0.00
receitas_abril_2018.csv,TAXA DE GERENCIAMENTO INTERCAMP, 0.00
receitas_abril_2018.csv,TAXA DE TAXI, 0.00
receitas_abril_2018.csv,VISTORIA DE VEÍCULOS, 0.00
receitas_abril_2018.csv,Dia: 08/04/2018,
receitas_abril_2018.csv,Descrição da Receita,Realizado
receitas_abril_2018.csv,CONVÊNIO PMC, 0.00
receitas_abril_2018.csv,ESTACIONAMENTO ROTATIVO, 0.00
receitas_abril_2018.csv,MULTAS DE TRÂNSITO, 0.00
receitas_abril_2018.csv,MULTAS DE TRANSPORTES, 0.00
receitas_abril_2018.csv,OUTRAS RECEITAS, 0.00
receitas_abril_2018.csv,PÁTIO DE VEÍCULOS, 0.00
receitas_abril_2018.csv,RECEITAS FINANCEIRAS, 0.00
receitas_abril_2018.csv,TAXA DE GERENCIAMENTO INTERCAMP, 0.00
receitas_abril_2018.csv,TAXA DE TAXI, 0.00
receitas_abril_2018.csv,VISTORIA DE VEÍCULOS, 0.00
receitas_abril_2018.csv,Dia: 09/04/2018,
receitas_abril_2018.csv,Descrição da Receita,Realizado
receitas_abril_2018.csv,CONVÊNIO PMC, 0.00
receitas_abril_2018.csv,ESTACIONAMENTO ROTATIVO, 6300.00
receitas_abril_2018.csv,MULTAS DE TRÂNSITO, 222916.40
receitas_abril_2018.csv,MULTAS DE TRANSPORTES, 5298.44
receitas_abril_2018.csv,OUTRAS RECEITAS, 132.24
receitas_abril_2018.csv,PÁTIO DE VEÍCULOS, 27546.18
receitas_abril_2018.csv,RECEITAS FINANCEIRAS, 0.00
receitas_abril_2018.csv,TAXA DE GERENCIAMENTO INTERCAMP, 32038.18
receitas_abril_2018.csv,TAXA DE TAXI, 1680.60
receitas_abril_2018.csv,VISTORIA DE VEÍCULOS, 431.66
receitas_abril_2018.csv,Dia: 10/04/2018,
receitas_abril_2018.csv,Descrição da Receita,Realizado
receitas_abril_2018.csv,CONVÊNIO PMC, 2000000.00
receitas_abril_2018.csv,ESTACIONAMENTO ROTATIVO, 8108.00
receitas_abril_2018.csv,MULTAS DE TRÂNSITO, 328649.88
receitas_abril_2018.csv,MULTAS DE TRANSPORTES, 96419.48
receitas_abril_2018.csv,OUTRAS RECEITAS, 3500.69
receitas_abril_2018.csv,PÁTIO DE VEÍCULOS, 46959.83
receitas_abril_2018.csv,RECEITAS FINANCEIRAS, 9671.24
receitas_abril_2018.csv,TAXA DE GERENCIAMENTO INTERCAMP, 32274.16
receitas_abril_2018.csv,TAXA DE TAXI, 762.89
receitas_abril_2018.csv,VISTORIA DE VEÍCULOS, 379.17
receitas_abril_2018.csv,Dia: 11/04/2018,
receitas_abril_2018.csv,Descrição da Receita,Realizado
receitas_abril_2018.csv,CONVÊNIO PMC, 0.00
receitas_abril_2018.csv,ESTACIONAMENTO ROTATIVO, 3712.00
receitas_abril_2018.csv,MULTAS DE TRÂNSITO, 318006.75
receitas_abril_2018.csv,MULTAS DE TRANSPORTES, 1898.31
receitas_abril_2018.csv,OUTRAS RECEITAS, 212.06
receitas_abril_2018.csv,PÁTIO DE VEÍCULOS, 37526.28
receitas_abril_2018.csv,RECEITAS FINANCEIRAS, 0.00
receitas_abril_2018.csv,TAXA DE GERENCIAMENTO INTERCAMP, 33354.91
receitas_abril_2018.csv,TAXA DE TAXI, 1168.04
receitas_abril_2018.csv,VISTORIA DE VEÍCULOS, 1039.68
receitas_abril_2018.csv,Dia: 12/04/2018,
receitas_abril_2018.csv,Descrição da Receita,Realizado
receitas_abril_2018.csv,CONVÊNIO PMC, 0.00
receitas_abril_2018.csv,ESTACIONAMENTO ROTATIVO, 16360.00
receitas_abril_2018.csv,MULTAS DE TRÂNSITO, 327184.91
receitas_abril_2018.csv,MULTAS DE TRANSPORTES, 1709.11
receitas_abril_2018.csv,OUTRAS RECEITAS, 784.66
receitas_abril_2018.csv,PÁTIO DE VEÍCULOS, 32130.22
receitas_abril_2018.csv,RECEITAS FINANCEIRAS, 0.00
receitas_abril_2018.csv,TAXA DE GERENCIAMENTO INTERCAMP, 33445.36
receitas_abril_2018.csv,TAXA DE TAXI, 2064.89
receitas_abril_2018.csv,VISTORIA DE VEÍCULOS, 228.83
receitas_abril_2018.csv,Dia: 13/04/2018,
receitas_abril_2018.csv,Descrição da Receita,Realizado
receitas_abril_2018.csv,CONVÊNIO PMC, 0.00
receitas_abril_2018.csv,ESTACIONAMENTO ROTATIVO, 15912.00
receitas_abril_2018.csv,MULTAS DE TRÂNSITO, 263020.01
receitas_abril_2018.csv,MULTAS DE TRANSPORTES, 2845.64
receitas_abril_2018.csv,OUTRAS RECEITAS, 267.80
receitas_abril_2018.csv,PÁTIO DE VEÍCULOS, 994832.92
receitas_abril_2018.csv,RECEITAS FINANCEIRAS, 0.00
receitas_abril_2018.csv,TAXA DE GERENCIAMENTO INTERCAMP, 64646.25
receitas_abril_2018.csv,TAXA DE TAXI, 857.83
receitas_abril_2018.csv,VISTORIA DE VEÍCULOS, 640.32
receitas_abril_2018.csv,Dia: 14/04/2018,
receitas_abril_2018.csv,Descrição da Receita,Realizado
receitas_abril_2018.csv,CONVÊNIO PMC, 0.00
receitas_abril_2018.csv,ESTACIONAMENTO ROTATIVO, 0.00
receitas_abril_2018.csv,MULTAS DE TRÂNSITO, 0.00
receitas_abril_2018.csv,MULTAS DE TRANSPORTES, 0.00
receitas_abril_2018.csv,OUTRAS RECEITAS, 0.00
receitas_abril_2018.csv,PÁTIO DE VEÍCULOS, 0.00
receitas_abril_2018.csv,RECEITAS FINANCEIRAS, 0.00
receitas_abril_2018.csv,TAXA DE GERENCIAMENTO INTERCAMP, 0.00
receitas_abril_2018.csv,TAXA DE TAXI, 0.00
receitas_abril_2018.csv,VISTORIA DE VEÍCULOS, 0.00
receitas_abril_2018.csv,Dia: 15/04/2018,
receitas_abril_2018.csv,Descrição da Receita,Realizado
receitas_abril_2018.csv,CONVÊNIO PMC, 0.00
receitas_abril_2018.csv,ESTACIONAMENTO ROTATIVO, 0.00
receitas_abril_2018.csv,MULTAS DE TRÂNSITO, 0.00
receitas_abril_2018.csv,MULTAS DE TRANSPORTES, 0.00
receitas_abril_2018.csv,OUTRAS RECEITAS, 0.00
receitas_abril_2018.csv,PÁTIO DE VEÍCULOS, 0.00
receitas_abril_2018.csv,RECEITAS FINANCEIRAS, 0.00
receitas_abril_2018.csv,TAXA DE GERENCIAMENTO INTERCAMP, 0.00
receitas_abril_2018.csv,TAXA DE TAXI, 0.00
receitas_abril_2018.csv,VISTORIA DE VEÍCULOS, 0.00
receitas_abril_2018.csv,Dia: 16/04/2018,
receitas_abril_2018.csv,Descrição da Receita,Realizado
receitas_abril_2018.csv,CONVÊNIO PMC, 0.00
receitas_abril_2018.csv,ESTACIONAMENTO ROTATIVO, 5800.00
receitas_abril_2018.csv,MULTAS DE TRÂNSITO, 238730.00
receitas_abril_2018.csv,MULTAS DE TRANSPORTES, 1360.85
receitas_abril_2018.csv,OUTRAS RECEITAS, 146.35
receitas_abril_2018.csv,PÁTIO DE VEÍCULOS, 25571.56
receitas_abril_2018.csv,RECEITAS FINANCEIRAS, 0.00
receitas_abril_2018.csv,TAXA DE GERENCIAMENTO INTERCAMP, 33819.04
receitas_abril_2018.csv,TAXA DE TAXI, 1000.24
receitas_abril_2018.csv,VISTORIA DE VEÍCULOS, 24883.26
receitas_abril_2018.csv,Dia: 17/04/2018,
receitas_abril_2018.csv,Descrição da Receita,Realizado
receitas_abril_2018.csv,CONVÊNIO PMC, 0.00
receitas_abril_2018.csv,ESTACIONAMENTO ROTATIVO, 7240.00
receitas_abril_2018.csv,MULTAS DE TRÂNSITO, 260664.03
receitas_abril_2018.csv,MULTAS DE TRANSPORTES, 1863.96
receitas_abril_2018.csv,OUTRAS RECEITAS, 1360.97
receitas_abril_2018.csv,PÁTIO DE VEÍCULOS, 38936.23
receitas_abril_2018.csv,RECEITAS FINANCEIRAS, 0.00
receitas_abril_2018.csv,TAXA DE GERENCIAMENTO INTERCAMP, 34083.24
receitas_abril_2018.csv,TAXA DE TAXI, 2563.32
receitas_abril_2018.csv,VISTORIA DE VEÍCULOS, 594.62
receitas_abril_2018.csv,Dia: 18/04/2018,
receitas_abril_2018.csv,Descrição da Receita,Realizado
receitas_abril_2018.csv,CONVÊNIO PMC, 0.00
receitas_abril_2018.csv,ESTACIONAMENTO ROTATIVO, 11600.00
receitas_abril_2018.csv,MULTAS DE TRÂNSITO, 293162.79
receitas_abril_2018.csv,MULTAS DE TRANSPORTES, 2510.80
receitas_abril_2018.csv,OUTRAS RECEITAS, 196.35
receitas_abril_2018.csv,PÁTIO DE VEÍCULOS, 30151.71
receitas_abril_2018.csv,RECEITAS FINANCEIRAS, 54.32
receitas_abril_2018.csv,TAXA DE GERENCIAMENTO INTERCAMP, 33535.79
receitas_abril_2018.csv,TAXA DE TAXI, 779.85
receitas_abril_2018.csv,VISTORIA DE VEÍCULOS, 703.42
receitas_abril_2018.csv,Dia: 19/04/2018,
receitas_abril_2018.csv,Descrição da Receita,Realizado
receitas_abril_2018.csv,CONVÊNIO PMC, 0.00
receitas_abril_2018.csv,ESTACIONAMENTO ROTATIVO, 7200.00
receitas_abril_2018.csv,MULTAS DE TRÂNSITO, 241272.48
receitas_abril_2018.csv,MULTAS DE TRANSPORTES, 2059.71
receitas_abril_2018.csv,OUTRAS RECEITAS, 208.20
receitas_abril_2018.csv,PÁTIO DE VEÍCULOS, 24896.76
receitas_abril_2018.csv,RECEITAS FINANCEIRAS, 28.12
receitas_abril_2018.csv,TAXA DE GERENCIAMENTO INTERCAMP, 33077.17
receitas_abril_2018.csv,TAXA DE TAXI, 566.24
receitas_abril_2018.csv,VISTORIA DE VEÍCULOS, 90.03
receitas_abril_2018.csv,Dia: 20/04/2018,
receitas_abril_2018.csv,Descrição da Receita,Realizado
receitas_abril_2018.csv,CONVÊNIO PMC, 0.00
receitas_abril_2018.csv,ESTACIONAMENTO ROTATIVO, 8072.50
receitas_abril_2018.csv,MULTAS DE TRÂNSITO, 241098.53
receitas_abril_2018.csv,MULTAS DE TRANSPORTES, 4030.01
receitas_abril_2018.csv,OUTRAS RECEITAS, 5160.28
receitas_abril_2018.csv,PÁTIO DE VEÍCULOS, 33699.90
receitas_abril_2018.csv,RECEITAS FINANCEIRAS, 27.69
receitas_abril_2018.csv,TAXA DE GERENCIAMENTO INTERCAMP, 66932.54
receitas_abril_2018.csv,TAXA DE TAXI, 818.10
receitas_abril_2018.csv,VISTORIA DE VEÍCULOS, 655.70
receitas_abril_2018.csv,Dia: 21/04/2018,
receitas_abril_2018.csv,Descrição da Receita,Realizado
receitas_abril_2018.csv,CONVÊNIO PMC, 0.00
receitas_abril_2018.csv,ESTACIONAMENTO ROTATIVO, 0.00
receitas_abril_2018.csv,MULTAS DE TRÂNSITO, 0.00
receitas_abril_2018.csv,MULTAS DE TRANSPORTES, 0.00
receitas_abril_2018.csv,OUTRAS RECEITAS, 0.00
receitas_abril_2018.csv,PÁTIO DE VEÍCULOS, 0.00
receitas_abril_2018.csv,RECEITAS FINANCEIRAS, 0.00
receitas_abril_2018.csv,TAXA DE GERENCIAMENTO INTERCAMP, 0.00
receitas_abril_2018.csv,TAXA DE TAXI, 0.00
receitas_abril_2018.csv,VISTORIA DE VEÍCULOS, 0.00
receitas_abril_2018.csv,Dia: 22/04/2018,
receitas_abril_2018.csv,Descrição da Receita,Realizado
receitas_abril_2018.csv,CONVÊNIO PMC, 0.00
receitas_abril_2018.csv,ESTACIONAMENTO ROTATIVO, 0.00
receitas_abril_2018.csv,MULTAS DE TRÂNSITO, 0.00
receitas_abril_2018.csv,MULTAS DE TRANSPORTES, 0.00
receitas_abril_2018.csv,OUTRAS RECEITAS, 0.00
receitas_abril_2018.csv,PÁTIO DE VEÍCULOS, 0.00
receitas_abril_2018.csv,RECEITAS FINANCEIRAS, 0.00
receitas_abril_2018.csv,TAXA DE GERENCIAMENTO INTERCAMP, 0.00
receitas_abril_2018.csv,TAXA DE TAXI, 0.00
receitas_abril_2018.csv,VISTORIA DE VEÍCULOS, 0.00
receitas_abril_2018.csv,Dia: 23/04/2018,
receitas_abril_2018.csv,Descrição da Receita,Realizado
receitas_abril_2018.csv,CONVÊNIO PMC, 0.00
receitas_abril_2018.csv,ESTACIONAMENTO ROTATIVO, 0.00
receitas_abril_2018.csv,MULTAS DE TRÂNSITO, 0.00
receitas_abril_2018.csv,MULTAS DE TRANSPORTES, 0.00
receitas_abril_2018.csv,OUTRAS RECEITAS, 0.00
receitas_abril_2018.csv,PÁTIO DE VEÍCULOS, 0.00
receitas_abril_2018.csv,RECEITAS FINANCEIRAS, 0.00
receitas_abril_2018.csv,TAXA DE GERENCIAMENTO INTERCAMP, 0.00
receitas_abril_2018.csv,TAXA DE TAXI, 0.00
receitas_abril_2018.csv,VISTORIA DE VEÍCULOS, 0.00
receitas_abril_2018.csv,Dia: 24/04/2018,
receitas_abril_2018.csv,Descrição da Receita,Realizado
receitas_abril_2018.csv,CONVÊNIO PMC, 0.00
receitas_abril_2018.csv,ESTACIONAMENTO ROTATIVO, 0.00
receitas_abril_2018.csv,MULTAS DE TRÂNSITO, 0.00
receitas_abril_2018.csv,MULTAS DE TRANSPORTES, 0.00
receitas_abril_2018.csv,OUTRAS RECEITAS, 0.00
receitas_abril_2018.csv,PÁTIO DE VEÍCULOS, 0.00
receitas_abril_2018.csv,RECEITAS FINANCEIRAS, 0.00
receitas_abril_2018.csv,TAXA DE GERENCIAMENTO INTERCAMP, 0.00
receitas_abril_2018.csv,TAXA DE TAXI, 0.00
receitas_abril_2018.csv,VISTORIA DE VEÍCULOS, 0.00
receitas_abril_2018.csv,Dia: 25/04/2018,
receitas_abril_2018.csv,Descrição da Receita,Realizado
receitas_abril_2018.csv,CONVÊNIO PMC, 0.00
receitas_abril_2018.csv,ESTACIONAMENTO ROTATIVO, 0.00
receitas_abril_2018.csv,MULTAS DE TRÂNSITO, 0.00
receitas_abril_2018.csv,MULTAS DE TRANSPORTES, 0.00
receitas_abril_2018.csv,OUTRAS RECEITAS, 0.00
receitas_abril_2018.csv,PÁTIO DE VEÍCULOS, 0.00
receitas_abril_2018.csv,RECEITAS FINANCEIRAS, 0.00
receitas_abril_2018.csv,TAXA DE GERENCIAMENTO INTERCAMP, 0.00
receitas_abril_2018.csv,TAXA DE TAXI, 0.00
receitas_abril_2018.csv,VISTORIA DE VEÍCULOS, 0.00
receitas_abril_2018.csv,Dia: 26/04/2018,
receitas_abril_2018.csv,Descrição da Receita,Realizado
receitas_abril_2018.csv,CONVÊNIO PMC, 0.00
receitas_abril_2018.csv,ESTACIONAMENTO ROTATIVO, 0.00
receitas_abril_2018.csv,MULTAS DE TRÂNSITO, 0.00
receitas_abril_2018.csv,MULTAS DE TRANSPORTES, 0.00
receitas_abril_2018.csv,OUTRAS RECEITAS, 0.00
receitas_abril_2018.csv,PÁTIO DE VEÍCULOS, 0.00
receitas_abril_2018.csv,RECEITAS FINANCEIRAS, 0.00
receitas_abril_2018.csv,TAXA DE GERENCIAMENTO INTERCAMP, 0.00
receitas_abril_2018.csv,TAXA DE TAXI, 0.00
receitas_abril_2018.csv,VISTORIA DE VEÍCULOS, 0.00
receitas_abril_2018.csv,Dia: 27/04/2018,
receitas_abril_2018.csv,Descrição da Receita,Realizado
receitas_abril_2018.csv,CONVÊNIO PMC, 0.00
receitas_abril_2018.csv,ESTACIONAMENTO ROTATIVO, 0.00
receitas_abril_2018.csv,MULTAS DE TRÂNSITO, 0.00
receitas_abril_2018.csv,MULTAS DE TRANSPORTES, 0.00
receitas_abril_2018.csv,OUTRAS RECEITAS, 0.00
receitas_abril_2018.csv,PÁTIO DE VEÍCULOS, 0.00
receitas_abril_2018.csv,RECEITAS FINANCEIRAS, 0.00
receitas_abril_2018.csv,TAXA DE GERENCIAMENTO INTERCAMP, 0.00
receitas_abril_2018.csv,TAXA DE TAXI, 0.00
receitas_abril_2018.csv,VISTORIA DE VEÍCULOS, 0.00
receitas_abril_2018.csv,Dia: 28/04/2018,
receitas_abril_2018.csv,Descrição da Receita,Realizado
receitas_abril_2018.csv,CONVÊNIO PMC, 0.00
receitas_abril_2018.csv,ESTACIONAMENTO ROTATIVO, 0.00
receitas_abril_2018.csv,MULTAS DE TRÂNSITO, 0.00
receitas_abril_2018.csv,MULTAS DE TRANSPORTES, 0.00
receitas_abril_2018.csv,OUTRAS RECEITAS, 0.00
receitas_abril_2018.csv,PÁTIO DE VEÍCULOS, 0.00
receitas_abril_2018.csv,RECEITAS FINANCEIRAS, 0.00
receitas_abril_2018.csv,TAXA DE GERENCIAMENTO INTERCAMP, 0.00
receitas_abril_2018.csv,TAXA DE TAXI, 0.00
receitas_abril_2018.csv,VISTORIA DE VEÍCULOS, 0.00
receitas_abril_2018.csv,Dia: 29/04/2018,
receitas_abril_2018.csv,Descrição da Receita,Realizado
receitas_abril_2018.csv,CONVÊNIO PMC, 0.00
receitas_abril_2018.csv,ESTACIONAMENTO ROTATIVO, 0.00
receitas_abril_2018.csv,MULTAS DE TRÂNSITO, 0.00
receitas_abril_2018.csv,MULTAS DE TRANSPORTES, 0.00
receitas_abril_2018.csv,OUTRAS RECEITAS, 0.00
receitas_abril_2018.csv,PÁTIO DE VEÍCULOS, 0.00
receitas_abril_2018.csv,RECEITAS FINANCEIRAS, 0.00
receitas_abril_2018.csv,TAXA DE GERENCIAMENTO INTERCAMP, 0.00
receitas_abril_2018.csv,TAXA DE TAXI, 0.00
receitas_abril_2018.csv,VISTORIA DE VEÍCULOS, 0.00
receitas_abril_2018.csv,Dia: 30/04/2018,
receitas_abril_2018.csv,Descrição da Receita,Realizado
receitas_abril_2018.csv,CONVÊNIO PMC, 0.00
receitas_abril_2018.csv,ESTACIONAMENTO ROTATIVO, 0.00
receitas_abril_2018.csv,MULTAS DE TRÂNSITO, 0.00
receitas_abril_2018.csv,MULTAS DE TRANSPORTES, 0.00
receitas_abril_2018.csv,OUTRAS RECEITAS, 0.00
receitas_abril_2018.csv,PÁTIO DE VEÍCULOS, 0.00
receitas_abril_2018.csv,RECEITAS FINANCEIRAS, 0.00
receitas_abril_2018.csv,TAXA DE GERENCIAMENTO INTERCAMP, 0.00
receitas_abril_2018.csv,TAXA DE TAXI, 0.00
receitas_abril_2018.csv,VISTORIA DE VEÍCULOS, 0.00
receitas_fevereiro_2018.csv,Descrição da Receita,Realizado
receitas_fevereiro_2018.csv,CONVÊNIO PMC, 0.00
receitas_fevereiro_2018.csv,ESTACIONAMENTO ROTATIVO, 8320.00
receitas_fevereiro_2018.csv,MULTAS DE TRÂNSITO, 279281.31
receitas_fevereiro_2018.csv,MULTAS DE TRANSPORTES, 502441.05
receitas_fevereiro_2018.csv,OUTRAS RECEITAS, 51844.51
receitas_fevereiro_2018.csv,PÁTIO DE VEÍCULOS, 21326.49
receitas_fevereiro_2018.csv,RECEITAS FINANCEIRAS, 2.26
receitas_fevereiro_2018.csv,TAXA DE GERENCIAMENTO INTERCAMP, 29289.37
receitas_fevereiro_2018.csv,TAXA DE TAXI, 456.71
receitas_fevereiro_2018.csv,VISTORIA DE VEÍCULOS, 5673.51
receitas_fevereiro_2018.csv,Dia: 02/02/2018,
receitas_fevereiro_2018.csv,Descrição da Receita,Realizado
receitas_fevereiro_2018.csv,CONVÊNIO PMC, 0.00
receitas_fevereiro_2018.csv,ESTACIONAMENTO ROTATIVO, 4400.00
receitas_fevereiro_2018.csv,MULTAS DE TRÂNSITO, 262116.00
receitas_fevereiro_2018.csv,MULTAS DE TRANSPORTES, 4463.28
receitas_fevereiro_2018.csv,OUTRAS RECEITAS, 1271.16
receitas_fevereiro_2018.csv,PÁTIO DE VEÍCULOS, 16404.15
receitas_fevereiro_2018.csv,RECEITAS FINANCEIRAS, 2.39
receitas_fevereiro_2018.csv,TAXA DE GERENCIAMENTO INTERCAMP, 55829.45
receitas_fevereiro_2018.csv,TAXA DE TAXI, 155.97
receitas_fevereiro_2018.csv,VISTORIA DE VEÍCULOS, 1225.34
receitas_fevereiro_2018.csv,Dia: 03/02/2018,
receitas_fevereiro_2018.csv,Descrição da Receita,Realizado
receitas_fevereiro_2018.csv,CONVÊNIO PMC, 0.00
receitas_fevereiro_2018.csv,ESTACIONAMENTO ROTATIVO, 0.00
receitas_fevereiro_2018.csv,MULTAS DE TRÂNSITO, 0.00
receitas_fevereiro_2018.csv,MULTAS DE TRANSPORTES, 0.00
receitas_fevereiro_2018.csv,OUTRAS RECEITAS, 0.00
receitas_fevereiro_2018.csv,PÁTIO DE VEÍCULOS, 0.00
receitas_fevereiro_2018.csv,RECEITAS FINANCEIRAS, 0.00
receitas_fevereiro_2018.csv,TAXA DE GERENCIAMENTO INTERCAMP, 0.00
receitas_fevereiro_2018.csv,TAXA DE TAXI, 0.00
receitas_fevereiro_2018.csv,VISTORIA DE VEÍCULOS, 0.00
receitas_fevereiro_2018.csv,Dia: 04/02/2018,
receitas_fevereiro_2018.csv,Descrição da Receita,Realizado
receitas_fevereiro_2018.csv,CONVÊNIO PMC, 0.00
receitas_fevereiro_2018.csv,ESTACIONAMENTO ROTATIVO, 0.00
receitas_fevereiro_2018.csv,MULTAS DE TRÂNSITO, 0.00
receitas_fevereiro_2018.csv,MULTAS DE TRANSPORTES, 0.00
receitas_fevereiro_2018.csv,OUTRAS RECEITAS, 0.00
receitas_fevereiro_2018.csv,PÁTIO DE VEÍCULOS, 0.00
receitas_fevereiro_2018.csv,RECEITAS FINANCEIRAS, 0.00
receitas_fevereiro_2018.csv,TAXA DE GERENCIAMENTO INTERCAMP, 0.00
receitas_fevereiro_2018.csv,TAXA DE TAXI, 0.00
receitas_fevereiro_2018.csv,VISTORIA DE VEÍCULOS, 0.00
receitas_fevereiro_2018.csv,Dia: 05/02/2018,
receitas_fevereiro_2018.csv,Descrição da Receita,Realizado
receitas_fevereiro_2018.csv,CONVÊNIO PMC, 0.00
receitas_fevereiro_2018.csv,ESTACIONAMENTO ROTATIVO, 6500.00
receitas_fevereiro_2018.csv,MULTAS DE TRÂNSITO, 244517.20
receitas_fevereiro_2018.csv,MULTAS DE TRANSPORTES, 2177.43
receitas_fevereiro_2018.csv,OUTRAS RECEITAS, 53.43
receitas_fevereiro_2018.csv,PÁTIO DE VEÍCULOS, 24248.60
receitas_fevereiro_2018.csv,RECEITAS FINANCEIRAS, 54.96
receitas_fevereiro_2018.csv,TAXA DE GERENCIAMENTO INTERCAMP, 29005.31
receitas_fevereiro_2018.csv,TAXA DE TAXI, 782.26
receitas_fevereiro_2018.csv,VISTORIA DE VEÍCULOS, 1264.34
receitas_fevereiro_2018.csv,Dia: 06/02/2018,
receitas_fevereiro_2018.csv,Descrição da Receita,Realizado
receitas_fevereiro_2018.csv,CONVÊNIO PMC, 0.00
receitas_fevereiro_2018.csv,ESTACIONAMENTO ROTATIVO, 11892.00
receitas_fevereiro_2018.csv,MULTAS DE TRÂNSITO, 265639.03
receitas_fevereiro_2018.csv,MULTAS DE TRANSPORTES, 71929.47
receitas_fevereiro_2018.csv,OUTRAS RECEITAS, 108.90
receitas_fevereiro_2018.csv,PÁTIO DE VEÍCULOS, 29611.29
receitas_fevereiro_2018.csv,RECEITAS FINANCEIRAS, 54.96
receitas_fevereiro_2018.csv,TAXA DE GERENCIAMENTO INTERCAMP, 28887.38
receitas_fevereiro_2018.csv,TAXA DE TAXI, 3061.72
receitas_fevereiro_2018.csv,VISTORIA DE VEÍCULOS, 1444.04
receitas_fevereiro_2018.csv,Dia: 07/02/2018,
receitas_fevereiro_2018.csv,Descrição da Receita,Realizado
receitas_fevereiro_2018.csv,CONVÊNIO PMC, 0.00
receitas_fevereiro_2018.csv,ESTACIONAMENTO ROTATIVO, 10656.00
receitas_fevereiro_2018.csv,MULTAS DE TRÂNSITO, 301054.26
receitas_fevereiro_2018.csv,MULTAS DE TRANSPORTES, 2211.45
receitas_fevereiro_2018.csv,OUTRAS RECEITAS, 1142.08
receitas_fevereiro_2018.csv,PÁTIO DE VEÍCULOS, 46779.17
receitas_fevereiro_2018.csv,RECEITAS FINANCEIRAS, 0.00
receitas_fevereiro_2018.csv,TAXA DE GERENCIAMENTO INTERCAMP, 30966.72
receitas_fevereiro_2018.csv,TAXA DE TAXI, 501.81
receitas_fevereiro_2018.csv,VISTORIA DE VEÍCULOS, 1457.28
receitas_fevereiro_2018.csv,Dia: 08/02/2018,
receitas_fevereiro_2018.csv,Descrição da Receita,Realizado
receitas_fevereiro_2018.csv,CONVÊNIO PMC, 0.00
receitas_fevereiro_2018.csv,ESTACIONAMENTO ROTATIVO, 9256.00
receitas_fevereiro_2018.csv,MULTAS DE TRÂNSITO, 275215.92
receitas_fevereiro_2018.csv,MULTAS DE TRANSPORTES, 2397.98
receitas_fevereiro_2018.csv,OUTRAS RECEITAS, 155.55
receitas_fevereiro_2018.csv,PÁTIO DE VEÍCULOS, 17651.03
receitas_fevereiro_2018.csv,RECEITAS FINANCEIRAS, 55.76
receitas_fevereiro_2018.csv,TAXA DE GERENCIAMENTO INTERCAMP, 31337.66
receitas_fevereiro_2018.csv,TAXA DE TAXI, 332.28
receitas_fevereiro_2018.csv,VISTORIA DE VEÍCULOS, 1320.54
receitas_fevereiro_2018.csv,Dia: 09/02/2018,
receitas_fevereiro_2018.csv,Descrição da Receita,Realizado
receitas_fevereiro_2018.csv,CONVÊNIO PMC, 0.00
receitas_fevereiro_2018.csv,ESTACIONAMENTO ROTATIVO, 14508.00
receitas_fevereiro_2018.csv,MULTAS DE TRÂNSITO, 311341.15
receitas_fevereiro_2018.csv,MULTAS DE TRANSPORTES, 4302.62
receitas_fevereiro_2018.csv,OUTRAS RECEITAS, 219.15
receitas_fevereiro_2018.csv,PÁTIO DE VEÍCULOS, 24602.16
receitas_fevereiro_2018.csv,RECEITAS FINANCEIRAS, 0.00
receitas_fevereiro_2018.csv,TAXA DE GERENCIAMENTO INTERCAMP, 60102.69
receitas_fevereiro_2018.csv,TAXA DE TAXI, 267.86
receitas_fevereiro_2018.csv,VISTORIA DE VEÍCULOS, 701.91
receitas_fevereiro_2018.csv,Dia: 10/02/2018,
receitas_fevereiro_2018.csv,Descrição da Receita,Realizado
receitas_fevereiro_2018.csv,CONVÊNIO PMC, 0.00
receitas_fevereiro_2018.csv,ESTACIONAMENTO ROTATIVO, 0.00
receitas_fevereiro_2018.csv,MULTAS DE TRÂNSITO, 0.00
receitas_fevereiro_2018.csv,MULTAS DE TRANSPORTES, 0.00
receitas_fevereiro_2018.csv,OUTRAS RECEITAS, 0.00
receitas_fevereiro_2018.csv,PÁTIO DE VEÍCULOS, 0.00
receitas_fevereiro_2018.csv,RECEITAS FINANCEIRAS, 0.00
receitas_fevereiro_2018.csv,TAXA DE GERENCIAMENTO INTERCAMP, 0.00
receitas_fevereiro_2018.csv,TAXA DE TAXI, 0.00
receitas_fevereiro_2018.csv,VISTORIA DE VEÍCULOS, 0.00
receitas_fevereiro_2018.csv,Dia: 11/02/2018,
receitas_fevereiro_2018.csv,Descrição da Receita,Realizado
receitas_fevereiro_2018.csv,CONVÊNIO PMC, 0.00
receitas_fevereiro_2018.csv,ESTACIONAMENTO ROTATIVO, 0.00
receitas_fevereiro_2018.csv,MULTAS DE TRÂNSITO, 0.00
receitas_fevereiro_2018.csv,MULTAS DE TRANSPORTES, 0.00
receitas_fevereiro_2018.csv,OUTRAS RECEITAS, 0.00
receitas_fevereiro_2018.csv,PÁTIO DE VEÍCULOS, 0.00
receitas_fevereiro_2018.csv,RECEITAS FINANCEIRAS, 0.00
receitas_fevereiro_2018.csv,TAXA DE GERENCIAMENTO INTERCAMP, 0.00
receitas_fevereiro_2018.csv,TAXA DE TAXI, 0.00
receitas_fevereiro_2018.csv,VISTORIA DE VEÍCULOS, 0.00
receitas_fevereiro_2018.csv,Dia: 12/02/2018,
receitas_fevereiro_2018.csv,Descrição da Receita,Realizado
receitas_fevereiro_2018.csv,CONVÊNIO PMC, 0.00
receitas_fevereiro_2018.csv,ESTACIONAMENTO ROTATIVO, 0.00
receitas_fevereiro_2018.csv,MULTAS DE TRÂNSITO, 0.00
receitas_fevereiro_2018.csv,MULTAS DE TRANSPORTES, 0.00
receitas_fevereiro_2018.csv,OUTRAS RECEITAS, 0.00
receitas_fevereiro_2018.csv,PÁTIO DE VEÍCULOS, 0.00
receitas_fevereiro_2018.csv,RECEITAS FINANCEIRAS, 0.00
receitas_fevereiro_2018.csv,TAXA DE GERENCIAMENTO INTERCAMP, 0.00
receitas_fevereiro_2018.csv,TAXA DE TAXI, 0.00
receitas_fevereiro_2018.csv,VISTORIA DE VEÍCULOS, 0.00
receitas_fevereiro_2018.csv,Dia: 13/02/2018,
receitas_fevereiro_2018.csv,Descrição da Receita,Realizado
receitas_fevereiro_2018.csv,CONVÊNIO PMC, 0.00
receitas_fevereiro_2018.csv,ESTACIONAMENTO ROTATIVO, 0.00
receitas_fevereiro_2018.csv,MULTAS DE TRÂNSITO, 0.00
receitas_fevereiro_2018.csv,MULTAS DE TRANSPORTES, 0.00
receitas_fevereiro_2018.csv,OUTRAS RECEITAS, 0.00
receitas_fevereiro_2018.csv,PÁTIO DE VEÍCULOS, 0.00
receitas_fevereiro_2018.csv,RECEITAS FINANCEIRAS, 0.00
receitas_fevereiro_2018.csv,TAXA DE GERENCIAMENTO INTERCAMP, 0.00
receitas_fevereiro_2018.csv,TAXA DE TAXI, 0.00
receitas_fevereiro_2018.csv,VISTORIA DE VEÍCULOS, 0.00
receitas_fevereiro_2018.csv,Dia: 14/02/2018,
receitas_fevereiro_2018.csv,Descrição da Receita,Realizado
receitas_fevereiro_2018.csv,CONVÊNIO PMC, 0.00
receitas_fevereiro_2018.csv,ESTACIONAMENTO ROTATIVO, 7060.00
receitas_fevereiro_2018.csv,MULTAS DE TRÂNSITO, 282581.79
receitas_fevereiro_2018.csv,MULTAS DE TRANSPORTES, 2006.00
receitas_fevereiro_2018.csv,OUTRAS RECEITAS, 265.06
receitas_fevereiro_2018.csv,PÁTIO DE VEÍCULOS, 629859.70
receitas_fevereiro_2018.csv,RECEITAS FINANCEIRAS, 0.00
receitas_fevereiro_2018.csv,TAXA DE GERENCIAMENTO INTERCAMP, 31805.10
receitas_fevereiro_2018.csv,TAXA DE TAXI, 1193.49
receitas_fevereiro_2018.csv,VISTORIA DE VEÍCULOS, 1911.55
receitas_fevereiro_2018.csv,Dia: 15/02/2018,
receitas_fevereiro_2018.csv,Descrição da Receita,Realizado
receitas_fevereiro_2018.csv,CONVÊNIO PMC, 0.00
receitas_fevereiro_2018.csv,ESTACIONAMENTO ROTATIVO, 16524.00
receitas_fevereiro_2018.csv,MULTAS DE TRÂNSITO, 318638.90
receitas_fevereiro_2018.csv,MULTAS DE TRANSPORTES, 2267.03
receitas_fevereiro_2018.csv,OUTRAS RECEITAS, 1608.35
receitas_fevereiro_2018.csv,PÁTIO DE VEÍCULOS, 18927.67
receitas_fevereiro_2018.csv,RECEITAS FINANCEIRAS, 0.00
receitas_fevereiro_2018.csv,TAXA DE GERENCIAMENTO INTERCAMP, 32829.66
receitas_fevereiro_2018.csv,TAXA DE TAXI, 220.39
receitas_fevereiro_2018.csv,VISTORIA DE VEÍCULOS, 157.69
receitas_fevereiro_2018.csv,Dia: 16/02/2018,
receitas_fevereiro_2018.csv,Descrição da Receita,Realizado
receitas_fevereiro_2018.csv,CONVÊNIO PMC, 0.00
receitas_fevereiro_2018.csv,ESTACIONAMENTO ROTATIVO, 12456.00
receitas_fevereiro_2018.csv,MULTAS DE TRÂNSITO, 345171.99
receitas_fevereiro_2018.csv,MULTAS DE TRANSPORTES, 2173.37
receitas_fevereiro_2018.csv,OUTRAS RECEITAS, 1972.29
receitas_fevereiro_2018.csv,PÁTIO DE VEÍCULOS, 37108.36
receitas_fevereiro_2018.csv,RECEITAS FINANCEIRAS, 0.00
receitas_fevereiro_2018.csv,TAXA DE GERENCIAMENTO INTERCAMP, 33549.85
receitas_fevereiro_2018.csv,TAXA DE TAXI, 0.00
receitas_fevereiro_2018.csv,VISTORIA DE VEÍCULOS, 1739.94
receitas_fevereiro_2018.csv,Dia: 17/02/2018,
receitas_fevereiro_2018.csv,Descrição da Receita,Realizado
receitas_fevereiro_2018.csv,CONVÊNIO PMC, 0.00
receitas_fevereiro_2018.csv,ESTACIONAMENTO ROTATIVO, 0.00
receitas_fevereiro_2018.csv,MULTAS DE TRÂNSITO, 0.00
receitas_fevereiro_2018.csv,MULTAS DE TRANSPORTES, 0.00
receitas_fevereiro_2018.csv,OUTRAS RECEITAS, 0.00
receitas_fevereiro_2018.csv,PÁTIO DE VEÍCULOS, 0.00
receitas_fevereiro_2018.csv,RECEITAS FINANCEIRAS, 0.00
receitas_fevereiro_2018.csv,TAXA DE GERENCIAMENTO INTERCAMP, 0.00
receitas_fevereiro_2018.csv,TAXA DE TAXI, 0.00
receitas_fevereiro_2018.csv,VISTORIA DE VEÍCULOS, 0.00
receitas_fevereiro_2018.csv,Dia: 18/02/2018,
receitas_fevereiro_2018.csv,Descrição da Receita,Realizado
receitas_fevereiro_2018.csv,CONVÊNIO PMC, 0.00
receitas_fevereiro_2018.csv,ESTACIONAMENTO ROTATIVO, 0.00
receitas_fevereiro_2018.csv,MULTAS DE TRÂNSITO, 0.00
receitas_fevereiro_2018.csv,MULTAS DE TRANSPORTES, 0.00
receitas_fevereiro_2018.csv,OUTRAS RECEITAS, 0.00
receitas_fevereiro_2018.csv,PÁTIO DE VEÍCULOS, 0.00
receitas_fevereiro_2018.csv,RECEITAS FINANCEIRAS, 0.00
receitas_fevereiro_2018.csv,TAXA DE GERENCIAMENTO INTERCAMP, 0.00
receitas_fevereiro_2018.csv,TAXA DE TAXI, 0.00
receitas_fevereiro_2018.csv,VISTORIA DE VEÍCULOS, 0.00
receitas_fevereiro_2018.csv,Dia: 19/02/2018,
receitas_fevereiro_2018.csv,Descrição da Receita,Realizado
receitas_fevereiro_2018.csv,CONVÊNIO PMC, 0.00
receitas_fevereiro_2018.csv,ESTACIONAMENTO ROTATIVO, 4448.00
receitas_fevereiro_2018.csv,MULTAS DE TRÂNSITO, 410193.79
receitas_fevereiro_2018.csv,MULTAS DE TRANSPORTES, 1717.81
receitas_fevereiro_2018.csv,OUTRAS RECEITAS, 281.48
receitas_fevereiro_2018.csv,PÁTIO DE VEÍCULOS, 50649.45
receitas_fevereiro_2018.csv,RECEITAS FINANCEIRAS, 0.00
receitas_fevereiro_2018.csv,TAXA DE GERENCIAMENTO INTERCAMP, 33174.71
receitas_fevereiro_2018.csv,TAXA DE TAXI, 1196.90
receitas_fevereiro_2018.csv,VISTORIA DE VEÍCULOS, 988.70
receitas_fevereiro_2018.csv,Dia: 20/02/2018,
receitas_fevereiro_2018.csv,Descrição da Receita,Realizado
receitas_fevereiro_2018.csv,CONVÊNIO PMC, 0.00
receitas_fevereiro_2018.csv,ESTACIONAMENTO ROTATIVO, 8172.00
receitas_fevereiro_2018.csv,MULTAS DE TRÂNSITO, 411386.46
receitas_fevereiro_2018.csv,MULTAS DE TRANSPORTES, 4203.62
receitas_fevereiro_2018.csv,OUTRAS RECEITAS, 673.99
receitas_fevereiro_2018.csv,PÁTIO DE VEÍCULOS, 72876.35
receitas_fevereiro_2018.csv,RECEITAS FINANCEIRAS, 27.80
receitas_fevereiro_2018.csv,TAXA DE GERENCIAMENTO INTERCAMP, 92522.75
receitas_fevereiro_2018.csv,TAXA DE TAXI, 745.94
receitas_fevereiro_2018.csv,VISTORIA DE VEÍCULOS, 1301.63
receitas_fevereiro_2018.csv,Dia: 21/02/2018,
receitas_fevereiro_2018.csv,Descrição da Receita,Realizado
receitas_fevereiro_2018.csv,CONVÊNIO PMC, 0.00
receitas_fevereiro_2018.csv,ESTACIONAMENTO ROTATIVO, 28404.00
receitas_fevereiro_2018.csv,MULTAS DE TRÂNSITO, 311896.30
receitas_fevereiro_2018.csv,MULTAS DE TRANSPORTES, 1383.82
receitas_fevereiro_2018.csv,OUTRAS RECEITAS, 296.01
receitas_fevereiro_2018.csv,PÁTIO DE VEÍCULOS, 34810.66
receitas_fevereiro_2018.csv,RECEITAS FINANCEIRAS, 20.11
receitas_fevereiro_2018.csv,TAXA DE GERENCIAMENTO INTERCAMP, 24823.91
receitas_fevereiro_2018.csv,TAXA DE TAXI, 725.61
receitas_fevereiro_2018.csv,VISTORIA DE VEÍCULOS, 2342.21
receitas_fevereiro_2018.csv,Dia: 22/02/2018,
receitas_fevereiro_2018.csv,Descrição da Receita,Realizado
receitas_fevereiro_2018.csv,CONVÊNIO PMC, 0.00
receitas_fevereiro_2018.csv,ESTACIONAMENTO ROTATIVO, 6380.00
receitas_fevereiro_2018.csv,MULTAS DE TRÂNSITO, 315899.88
receitas_fevereiro_2018.csv,MULTAS DE TRANSPORTES, 1187.46
receitas_fevereiro_2018.csv,OUTRAS RECEITAS, 370.53
receitas_fevereiro_2018.csv,PÁTIO DE VEÍCULOS, 22940.99
receitas_fevereiro_2018.csv,RECEITAS FINANCEIRAS, 36.98
receitas_fevereiro_2018.csv,TAXA DE GERENCIAMENTO INTERCAMP, 31100.82
receitas_fevereiro_2018.csv,TAXA DE TAXI, 1704.53
receitas_fevereiro_2018.csv,VISTORIA DE VEÍCULOS, 917.08
receitas_fevereiro_2018.csv,Dia: 23/02/2018,
receitas_fevereiro_2018.csv,Descrição da Receita,Realizado
receitas_fevereiro_2018.csv,CONVÊNIO PMC, 0.00
receitas_fevereiro_2018.csv,ESTACIONAMENTO ROTATIVO, 16272.00
receitas_fevereiro_2018.csv,MULTAS DE TRÂNSITO, 187718.00
receitas_fevereiro_2018.csv,MULTAS DE TRANSPORTES, 3699.99
receitas_fevereiro_2018.csv,OUTRAS RECEITAS, 240.31
receitas_fevereiro_2018.csv,PÁTIO DE VEÍCULOS, 30930.25
receitas_fevereiro_2018.csv,RECEITAS FINANCEIRAS, 5.02
receitas_fevereiro_2018.csv,TAXA DE GERENCIAMENTO INTERCAMP, 56498.36
receitas_fevereiro_2018.csv,TAXA DE TAXI, 959.55
receitas_fevereiro_2018.csv,VISTORIA DE VEÍCULOS, 878.37
receitas_fevereiro_2018.csv,Dia: 24/02/2018,
receitas_fevereiro_2018.csv,Descrição da Receita,Realizado
receitas_fevereiro_2018.csv,CONVÊNIO PMC, 0.00
receitas_fevereiro_2018.csv,ESTACIONAMENTO ROTATIVO, 0.00
receitas_fevereiro_2018.csv,MULTAS DE TRÂNSITO, 0.00
receitas_fevereiro_2018.csv,MULTAS DE TRANSPORTES, 0.00
receitas_fevereiro_2018.csv,OUTRAS RECEITAS, 0.00
receitas_fevereiro_2018.csv,PÁTIO DE VEÍCULOS, 0.00
receitas_fevereiro_2018.csv,RECEITAS FINANCEIRAS, 0.00
receitas_fevereiro_2018.csv,TAXA DE GERENCIAMENTO INTERCAMP, 0.00
receitas_fevereiro_2018.csv,TAXA DE TAXI, 0.00
receitas_fevereiro_2018.csv,VISTORIA DE VEÍCULOS, 0.00
receitas_fevereiro_2018.csv,Dia: 25/02/2018,
receitas_fevereiro_2018.csv,Descrição da Receita,Realizado
receitas_fevereiro_2018.csv,CONVÊNIO PMC, 0.00
receitas_fevereiro_2018.csv,ESTACIONAMENTO ROTATIVO, 0.00
receitas_fevereiro_2018.csv,MULTAS DE TRÂNSITO, 0.00
receitas_fevereiro_2018.csv,MULTAS DE TRANSPORTES, 0.00
receitas_fevereiro_2018.csv,OUTRAS RECEITAS, 0.00
receitas_fevereiro_2018.csv,PÁTIO DE VEÍCULOS, 0.00
receitas_fevereiro_2018.csv,RECEITAS FINANCEIRAS, 0.00
receitas_fevereiro_2018.csv,TAXA DE GERENCIAMENTO INTERCAMP, 0.00
receitas_fevereiro_2018.csv,TAXA DE TAXI, 0.00
receitas_fevereiro_2018.csv,VISTORIA DE VEÍCULOS, 0.00
receitas_fevereiro_2018.csv,Dia: 26/02/2018,
receitas_fevereiro_2018.csv,Descrição da Receita,Realizado
receitas_fevereiro_2018.csv,CONVÊNIO PMC, 0.00
receitas_fevereiro_2018.csv,ESTACIONAMENTO ROTATIVO, 4980.00
receitas_fevereiro_2018.csv,MULTAS DE TRÂNSITO, 277692.06
receitas_fevereiro_2018.csv,MULTAS DE TRANSPORTES, 1827.04
receitas_fevereiro_2018.csv,OUTRAS RECEITAS, 102758.33
receitas_fevereiro_2018.csv,PÁTIO DE VEÍCULOS, 22682.53
receitas_fevereiro_2018.csv,RECEITAS FINANCEIRAS, 5.04
receitas_fevereiro_2018.csv,TAXA DE GERENCIAMENTO INTERCAMP, 32477.64
receitas_fevereiro_2018.csv,TAXA DE TAXI, 1359.65
receitas_fevereiro_2018.csv,VISTORIA DE VEÍCULOS, 454.19
receitas_fevereiro_2018.csv,Dia: 27/02/2018,
receitas_fevereiro_2018.csv,Descrição da Receita,Realizado
receitas_fevereiro_2018.csv,CONVÊNIO PMC, 0.00
receitas_fevereiro_2018.csv,ESTACIONAMENTO ROTATIVO, 1240.00
receitas_fevereiro_2018.csv,MULTAS DE TRÂNSITO, 221379.56
receitas_fevereiro_2018.csv,MULTAS DE TRANSPORTES, 1927.00
receitas_fevereiro_2018.csv,OUTRAS RECEITAS, 372.88
receitas_fevereiro_2018.csv,PÁTIO DE VEÍCULOS, 17889.70
receitas_fevereiro_2018.csv,RECEITAS FINANCEIRAS, 2.91
receitas_fevereiro_2018.csv,TAXA DE GERENCIAMENTO INTERCAMP, 32990.17
receitas_fevereiro_2018.csv,TAXA DE TAXI, 1437.14
receitas_fevereiro_2018.csv,VISTORIA DE VEÍCULOS, 1528.72
receitas_fevereiro_2018.csv,Dia: 28/02/2018,
receitas_fevereiro_2018.csv,Descrição da Receita,Realizado
receitas_fevereiro_2018.csv,CONVÊNIO PMC, 1500000.00
receitas_fevereiro_2018.csv,ESTACIONAMENTO ROTATIVO, 8712.00
receitas_fevereiro_2018.csv,MULTAS DE TRÂNSITO, 190506.16
receitas_fevereiro_2018.csv,MULTAS DE TRANSPORTES, 1799.87
receitas_fevereiro_2018.csv,OUTRAS RECEITAS, 25612.87
receitas_fevereiro_2018.csv,PÁTIO DE VEÍCULOS, 17823.15
receitas_fevereiro_2018.csv,RECEITAS FINANCEIRAS, 43.00
receitas_fevereiro_2018.csv,TAXA DE GERENCIAMENTO INTERCAMP, 33100.68
receitas_fevereiro_2018.csv,TAXA DE TAXI, 871.39
receitas_fevereiro_2018.csv,VISTORIA DE VEÍCULOS, 813.93
receitas_janeiro_2018.csv,Descrição da Receita,Realizado
receitas_janeiro_2018.csv,CONVÊNIO PMC, 0.00
receitas_janeiro_2018.csv,ESTACIONAMENTO ROTATIVO, 0.00
receitas_janeiro_2018.csv,MULTAS DE TRÂNSITO, 0.00
receitas_janeiro_2018.csv,MULTAS DE TRANSPORTES, 0.00
receitas_janeiro_2018.csv,OUTRAS RECEITAS, 0.00
receitas_janeiro_2018.csv,PÁTIO DE VEÍCULOS, 0.00
receitas_janeiro_2018.csv,RECEITAS FINANCEIRAS, 0.00
receitas_janeiro_2018.csv,TAXA DE GERENCIAMENTO INTERCAMP, 0.00
receitas_janeiro_2018.csv,TAXA DE TAXI, 0.00
receitas_janeiro_2018.csv,VISTORIA DE VEÍCULOS, 0.00
receitas_janeiro_2018.csv,Dia: 02/01/2018,
receitas_janeiro_2018.csv,Descrição da Receita,Realizado
receitas_janeiro_2018.csv,CONVÊNIO PMC, 0.00
receitas_janeiro_2018.csv,ESTACIONAMENTO ROTATIVO, 9000.00
receitas_janeiro_2018.csv,MULTAS DE TRÂNSITO, 578023.52
receitas_janeiro_2018.csv,MULTAS DE TRANSPORTES, 1663.52
receitas_janeiro_2018.csv,OUTRAS RECEITAS, 4213.89
receitas_janeiro_2018.csv,PÁTIO DE VEÍCULOS, 46066.34
receitas_janeiro_2018.csv,RECEITAS FINANCEIRAS, 132.70
receitas_janeiro_2018.csv,TAXA DE GERENCIAMENTO INTERCAMP, 29738.08
receitas_janeiro_2018.csv,TAXA DE TAXI, 729.20
receitas_janeiro_2018.csv,VISTORIA DE VEÍCULOS, 263.07
receitas_janeiro_2018.csv,Dia: 03/01/2018,
receitas_janeiro_2018.csv,Descrição da Receita,Realizado
receitas_janeiro_2018.csv,CONVÊNIO PMC, 0.00
receitas_janeiro_2018.csv,ESTACIONAMENTO ROTATIVO, 33052.00
receitas_janeiro_2018.csv,MULTAS DE TRÂNSITO, 523072.00
receitas_janeiro_2018.csv,MULTAS DE TRANSPORTES, 70166.49
receitas_janeiro_2018.csv,OUTRAS RECEITAS, 21223.92
receitas_janeiro_2018.csv,PÁTIO DE VEÍCULOS, 12268.73
receitas_janeiro_2018.csv,RECEITAS FINANCEIRAS, 29.08
receitas_janeiro_2018.csv,TAXA DE GERENCIAMENTO INTERCAMP, 0.00
receitas_janeiro_2018.csv,TAXA DE TAXI, 176.47
receitas_janeiro_2018.csv,VISTORIA DE VEÍCULOS, 29.47
receitas_janeiro_2018.csv,Dia: 04/01/2018,
receitas_janeiro_2018.csv,Descrição da Receita,Realizado
receitas_janeiro_2018.csv,CONVÊNIO PMC, 0.00
receitas_janeiro_2018.csv,ESTACIONAMENTO ROTATIVO, 9000.00
receitas_janeiro_2018.csv,MULTAS DE TRÂNSITO, 459223.27
receitas_janeiro_2018.csv,MULTAS DE TRANSPORTES, 6567.95
receitas_janeiro_2018.csv,OUTRAS RECEITAS, 227.73
receitas_janeiro_2018.csv,PÁTIO DE VEÍCULOS, 13556.45
receitas_janeiro_2018.csv,RECEITAS FINANCEIRAS, 0.00
receitas_janeiro_2018.csv,TAXA DE GERENCIAMENTO INTERCAMP, 87073.32
receitas_janeiro_2018.csv,TAXA DE TAXI, 755.84
receitas_janeiro_2018.csv,VISTORIA DE VEÍCULOS, 249.93
receitas_janeiro_2018.csv,Dia: 05/01/2018,
receitas_janeiro_2018.csv,Descrição da Receita,Realizado
receitas_janeiro_2018.csv,CONVÊNIO PMC, 0.00
receitas_janeiro_2018.csv,ESTACIONAMENTO ROTATIVO, 9720.00
receitas_janeiro_2018.csv,MULTAS DE TRÂNSITO, 435556.99
receitas_janeiro_2018.csv,MULTAS DE TRANSPORTES, 1295.27
receitas_janeiro_2018.csv,OUTRAS RECEITAS, 20049.67
receitas_janeiro_2018.csv,PÁTIO DE VEÍCULOS, 20323.87
receitas_janeiro_2018.csv,RECEITAS FINANCEIRAS, 250.37
receitas_janeiro_2018.csv,TAXA DE GERENCIAMENTO INTERCAMP, 24671.11
receitas_janeiro_2018.csv,TAXA DE TAXI, 481.81
receitas_janeiro_2018.csv,VISTORIA DE VEÍCULOS, 538.63
receitas_janeiro_2018.csv,Dia: 06/01/2018,
receitas_janeiro_2018.csv,Descrição da Receita,Realizado
receitas_janeiro_2018.csv,CONVÊNIO PMC, 0.00
receitas_janeiro_2018.csv,ESTACIONAMENTO ROTATIVO, 0.00
receitas_janeiro_2018.csv,MULTAS DE TRÂNSITO, 0.00
receitas_janeiro_2018.csv,MULTAS DE TRANSPORTES, 0.00
receitas_janeiro_2018.csv,OUTRAS RECEITAS, 0.00
receitas_janeiro_2018.csv,PÁTIO DE VEÍCULOS, 0.00
receitas_janeiro_2018.csv,RECEITAS FINANCEIRAS, 0.00
receitas_janeiro_2018.csv,TAXA DE GERENCIAMENTO INTERCAMP, 0.00
receitas_janeiro_2018.csv,TAXA DE TAXI, 0.00
receitas_janeiro_2018.csv,VISTORIA DE VEÍCULOS, 0.00
receitas_janeiro_2018.csv,Dia: 07/01/2018,
receitas_janeiro_2018.csv,Descrição da Receita,Realizado
receitas_janeiro_2018.csv,CONVÊNIO PMC, 0.00
receitas_janeiro_2018.csv,ESTACIONAMENTO ROTATIVO, 0.00
receitas_janeiro_2018.csv,MULTAS DE TRÂNSITO, 0.00
receitas_janeiro_2018.csv,MULTAS DE TRANSPORTES, 0.00
receitas_janeiro_2018.csv,OUTRAS RECEITAS, 0.00
receitas_janeiro_2018.csv,PÁTIO DE VEÍCULOS, 0.00
receitas_janeiro_2018.csv,RECEITAS FINANCEIRAS, 0.00
receitas_janeiro_2018.csv,TAXA DE GERENCIAMENTO INTERCAMP, 0.00
receitas_janeiro_2018.csv,TAXA DE TAXI, 0.00
receitas_janeiro_2018.csv,VISTORIA DE VEÍCULOS, 0.00
receitas_janeiro_2018.csv,Dia: 08/01/2018,
receitas_janeiro_2018.csv,Descrição da Receita,Realizado
receitas_janeiro_2018.csv,CONVÊNIO PMC, 0.00
receitas_janeiro_2018.csv,ESTACIONAMENTO ROTATIVO, 1440.00
receitas_janeiro_2018.csv,MULTAS DE TRÂNSITO, 446327.69
receitas_janeiro_2018.csv,MULTAS DE TRANSPORTES, 3200.54
receitas_janeiro_2018.csv,OUTRAS RECEITAS, 329.59
receitas_janeiro_2018.csv,PÁTIO DE VEÍCULOS, 26172.64
receitas_janeiro_2018.csv,RECEITAS FINANCEIRAS, 75.59
receitas_janeiro_2018.csv,TAXA DE GERENCIAMENTO INTERCAMP, 72025.61
receitas_janeiro_2018.csv,TAXA DE TAXI, 1160.48
receitas_janeiro_2018.csv,VISTORIA DE VEÍCULOS, 472.96
receitas_janeiro_2018.csv,Dia: 09/01/2018,
receitas_janeiro_2018.csv,Descrição da Receita,Realizado
receitas_janeiro_2018.csv,CONVÊNIO PMC, 0.00
receitas_janeiro_2018.csv,ESTACIONAMENTO ROTATIVO, 2880.00
receitas_janeiro_2018.csv,MULTAS DE TRÂNSITO, 556791.91
receitas_janeiro_2018.csv,MULTAS DE TRANSPORTES, 858.16
receitas_janeiro_2018.csv,OUTRAS RECEITAS, 263.89
receitas_janeiro_2018.csv,PÁTIO DE VEÍCULOS, 22097.34
receitas_janeiro_2018.csv,RECEITAS FINANCEIRAS, 0.00
receitas_janeiro_2018.csv,TAXA DE GERENCIAMENTO INTERCAMP, 21232.05
receitas_janeiro_2018.csv,TAXA DE TAXI, 2525.41
receitas_janeiro_2018.csv,VISTORIA DE VEÍCULOS, 179.52
receitas_janeiro_2018.csv,Dia: 10/01/2018,
receitas_janeiro_2018.csv,Descrição da Receita,Realizado
receitas_janeiro_2018.csv,CONVÊNIO PMC, 0.00
receitas_janeiro_2018.csv,ESTACIONAMENTO ROTATIVO, 4360.00
receitas_janeiro_2018.csv,MULTAS DE TRÂNSITO, 603192.29
receitas_janeiro_2018.csv,MULTAS DE TRANSPORTES, 1956.00
receitas_janeiro_2018.csv,OUTRAS RECEITAS, 247.88
receitas_janeiro_2018.csv,PÁTIO DE VEÍCULOS, 33907.01
receitas_janeiro_2018.csv,RECEITAS FINANCEIRAS, 0.00
receitas_janeiro_2018.csv,TAXA DE GERENCIAMENTO INTERCAMP, 24775.71
receitas_janeiro_2018.csv,TAXA DE TAXI, 1098.27
receitas_janeiro_2018.csv,VISTORIA DE VEÍCULOS, 2227.35
receitas_janeiro_2018.csv,Dia: 11/01/2018,
receitas_janeiro_2018.csv,Descrição da Receita,Realizado
receitas_janeiro_2018.csv,CONVÊNIO PMC, 0.00
receitas_janeiro_2018.csv,ESTACIONAMENTO ROTATIVO, 12928.00
receitas_janeiro_2018.csv,MULTAS DE TRÂNSITO, 689149.44
receitas_janeiro_2018.csv,MULTAS DE TRANSPORTES, 1850.31
receitas_janeiro_2018.csv,OUTRAS RECEITAS, 328.72
receitas_janeiro_2018.csv,PÁTIO DE VEÍCULOS, 28762.90
receitas_janeiro_2018.csv,RECEITAS FINANCEIRAS, 0.00
receitas_janeiro_2018.csv,TAXA DE GERENCIAMENTO INTERCAMP, 25817.33
receitas_janeiro_2018.csv,TAXA DE TAXI, 598.54
receitas_janeiro_2018.csv,VISTORIA DE VEÍCULOS, 120.04
receitas_janeiro_2018.csv,Dia: 12/01/2018,
receitas_janeiro_2018.csv,Descrição da Receita,Realizado
receitas_janeiro_2018.csv,CONVÊNIO PMC, 0.00
receitas_janeiro_2018.csv,ESTACIONAMENTO ROTATIVO, 6200.00
receitas_janeiro_2018.csv,MULTAS DE TRÂNSITO, 554322.97
receitas_janeiro_2018.csv,MULTAS DE TRANSPORTES, 4528.55
receitas_janeiro_2018.csv,OUTRAS RECEITAS, 341.08
receitas_janeiro_2018.csv,PÁTIO DE VEÍCULOS, 21274.19
receitas_janeiro_2018.csv,RECEITAS FINANCEIRAS, 0.00
receitas_janeiro_2018.csv,TAXA DE GERENCIAMENTO INTERCAMP, 51928.04
receitas_janeiro_2018.csv,TAXA DE TAXI, 938.23
receitas_janeiro_2018.csv,VISTORIA DE VEÍCULOS, 90.03
receitas_janeiro_2018.csv,Dia: 13/01/2018,
receitas_janeiro_2018.csv,Descrição da Receita,Realizado
receitas_janeiro_2018.csv,CONVÊNIO PMC, 0.00
receitas_janeiro_2018.csv,ESTACIONAMENTO ROTATIVO, 0.00
receitas_janeiro_2018.csv,MULTAS DE TRÂNSITO, 0.00
receitas_janeiro_2018.csv,MULTAS DE TRANSPORTES, 0.00
receitas_janeiro_2018.csv,OUTRAS RECEITAS, 0.00
receitas_janeiro_2018.csv,PÁTIO DE VEÍCULOS, 0.00
receitas_janeiro_2018.csv,RECEITAS FINANCEIRAS, 0.00
receitas_janeiro_2018.csv,TAXA DE GERENCIAMENTO INTERCAMP, 0.00
receitas_janeiro_2018.csv,TAXA DE TAXI, 0.00
receitas_janeiro_2018.csv,VISTORIA DE VEÍCULOS, 0.00
receitas_janeiro_2018.csv,Dia: 14/01/2018,
receitas_janeiro_2018.csv,Descrição da Receita,Realizado
receitas_janeiro_2018.csv,CONVÊNIO PMC, 0.00
receitas_janeiro_2018.csv,ESTACIONAMENTO ROTATIVO, 0.00
receitas_janeiro_2018.csv,MULTAS DE TRÂNSITO, 0.00
receitas_janeiro_2018.csv,MULTAS DE TRANSPORTES, 0.00
receitas_janeiro_2018.csv,OUTRAS RECEITAS, 0.00
receitas_janeiro_2018.csv,PÁTIO DE VEÍCULOS, 0.00
receitas_janeiro_2018.csv,RECEITAS FINANCEIRAS, 0.00
receitas_janeiro_2018.csv,TAXA DE GERENCIAMENTO INTERCAMP, 0.00
receitas_janeiro_2018.csv,TAXA DE TAXI, 0.00
receitas_janeiro_2018.csv,VISTORIA DE VEÍCULOS, 0.00
receitas_janeiro_2018.csv,Dia: 15/01/2018,
receitas_janeiro_2018.csv,Descrição da Receita,Realizado
receitas_janeiro_2018.csv,CONVÊNIO PMC, 0.00
receitas_janeiro_2018.csv,ESTACIONAMENTO ROTATIVO, 1080.00
receitas_janeiro_2018.csv,MULTAS DE TRÂNSITO, 502884.15
receitas_janeiro_2018.csv,MULTAS DE TRANSPORTES, 501909.11
receitas_janeiro_2018.csv,OUTRAS RECEITAS, 23004.10
receitas_janeiro_2018.csv,PÁTIO DE VEÍCULOS, 28110.49
receitas_janeiro_2018.csv,RECEITAS FINANCEIRAS, 57.55
receitas_janeiro_2018.csv,TAXA DE GERENCIAMENTO INTERCAMP, 32066.14
receitas_janeiro_2018.csv,TAXA DE TAXI, 845.81
receitas_janeiro_2018.csv,VISTORIA DE VEÍCULOS, 192.61
receitas_janeiro_2018.csv,Dia: 16/01/2018,
receitas_janeiro_2018.csv,Descrição da Receita,Realizado
receitas_janeiro_2018.csv,CONVÊNIO PMC, 0.00
receitas_janeiro_2018.csv,ESTACIONAMENTO ROTATIVO, 5220.00
receitas_janeiro_2018.csv,MULTAS DE TRÂNSITO, 615073.35
receitas_janeiro_2018.csv,MULTAS DE TRANSPORTES, 1937.86
receitas_janeiro_2018.csv,OUTRAS RECEITAS, 267.98
receitas_janeiro_2018.csv,PÁTIO DE VEÍCULOS, 27807.19
receitas_janeiro_2018.csv,RECEITAS FINANCEIRAS, 0.00
receitas_janeiro_2018.csv,TAXA DE GERENCIAMENTO INTERCAMP, 28911.04
receitas_janeiro_2018.csv,TAXA DE TAXI, 800.18
receitas_janeiro_2018.csv,VISTORIA DE VEÍCULOS, 400.53
receitas_janeiro_2018.csv,Dia: 17/01/2018,
receitas_janeiro_2018.csv,Descrição da Receita,Realizado
receitas_janeiro_2018.csv,CONVÊNIO PMC, 0.00
receitas_janeiro_2018.csv,ESTACIONAMENTO ROTATIVO, 14100.00
receitas_janeiro_2018.csv,MULTAS DE TRÂNSITO, 632562.82
receitas_janeiro_2018.csv,MULTAS DE TRANSPORTES, 10948.32
receitas_janeiro_2018.csv,OUTRAS RECEITAS, 233.67
receitas_janeiro_2018.csv,PÁTIO DE VEÍCULOS, 28395.65
receitas_janeiro_2018.csv,RECEITAS FINANCEIRAS, 0.00
receitas_janeiro_2018.csv,TAXA DE GERENCIAMENTO INTERCAMP, 29593.12
receitas_janeiro_2018.csv,TAXA DE TAXI, 434.53
receitas_janeiro_2018.csv,VISTORIA DE VEÍCULOS, 222.62
receitas_janeiro_2018.csv,Dia: 18/01/2018,
receitas_janeiro_2018.csv,Descrição da Receita,Realizado
receitas_janeiro_2018.csv,CONVÊNIO PMC, 0.00
receitas_janeiro_2018.csv,ESTACIONAMENTO ROTATIVO, 7598.52
receitas_janeiro_2018.csv,MULTAS DE TRÂNSITO, 543781.37
receitas_janeiro_2018.csv,MULTAS DE TRANSPORTES, 2316.45
receitas_janeiro_2018.csv,OUTRAS RECEITAS, 211.02
receitas_janeiro_2018.csv,PÁTIO DE VEÍCULOS, 30223.79
receitas_janeiro_2018.csv,RECEITAS FINANCEIRAS, 0.00
receitas_janeiro_2018.csv,TAXA DE GERENCIAMENTO INTERCAMP, 26922.35
receitas_janeiro_2018.csv,TAXA DE TAXI, 2092.00
receitas_janeiro_2018.csv,VISTORIA DE VEÍCULOS, 0.00
receitas_janeiro_2018.csv,Dia: 19/01/2018,
receitas_janeiro_2018.csv,Descrição da Receita,Realizado
receitas_janeiro_2018.csv,CONVÊNIO PMC, 0.00
receitas_janeiro_2018.csv,ESTACIONAMENTO ROTATIVO, 13756.00
receitas_janeiro_2018.csv,MULTAS DE TRÂNSITO, 408641.69
receitas_janeiro_2018.csv,MULTAS DE TRANSPORTES, 0.00
receitas_janeiro_2018.csv,OUTRAS RECEITAS, 293.67
receitas_janeiro_2018.csv,PÁTIO DE VEÍCULOS, 23412.17
receitas_janeiro_2018.csv,RECEITAS FINANCEIRAS, 15.90
receitas_janeiro_2018.csv,TAXA DE GERENCIAMENTO INTERCAMP, 52719.21
receitas_janeiro_2018.csv,TAXA DE TAXI, 843.22
receitas_janeiro_2018.csv,VISTORIA DE VEÍCULOS, 496.40
receitas_janeiro_2018.csv,Dia: 20/01/2018,
receitas_janeiro_2018.csv,Descrição da Receita,Realizado
receitas_janeiro_2018.csv,CONVÊNIO PMC, 0.00
receitas_janeiro_2018.csv,ESTACIONAMENTO ROTATIVO, 0.00
receitas_janeiro_2018.csv,MULTAS DE TRÂNSITO, 0.00
receitas_janeiro_2018.csv,MULTAS DE TRANSPORTES, 0.00
receitas_janeiro_2018.csv,OUTRAS RECEITAS, 0.00
receitas_janeiro_2018.csv,PÁTIO DE VEÍCULOS, 0.00
receitas_janeiro_2018.csv,RECEITAS FINANCEIRAS, 0.00
receitas_janeiro_2018.csv,TAXA DE GERENCIAMENTO INTERCAMP, 0.00
receitas_janeiro_2018.csv,TAXA DE TAXI, 0.00
receitas_janeiro_2018.csv,VISTORIA DE VEÍCULOS, 0.00
receitas_janeiro_2018.csv,Dia: 21/01/2018,
receitas_janeiro_2018.csv,Descrição da Receita,Realizado
receitas_janeiro_2018.csv,CONVÊNIO PMC, 0.00
receitas_janeiro_2018.csv,ESTACIONAMENTO ROTATIVO, 0.00
receitas_janeiro_2018.csv,MULTAS DE TRÂNSITO, 0.00
receitas_janeiro_2018.csv,MULTAS DE TRANSPORTES, 0.00
receitas_janeiro_2018.csv,OUTRAS RECEITAS, 0.00
receitas_janeiro_2018.csv,PÁTIO DE VEÍCULOS, 0.00
receitas_janeiro_2018.csv,RECEITAS FINANCEIRAS, 0.00
receitas_janeiro_2018.csv,TAXA DE GERENCIAMENTO INTERCAMP, 0.00
receitas_janeiro_2018.csv,TAXA DE TAXI, 0.00
receitas_janeiro_2018.csv,VISTORIA DE VEÍCULOS, 0.00
receitas_janeiro_2018.csv,Dia: 22/01/2018,
receitas_janeiro_2018.csv,Descrição da Receita,Realizado
receitas_janeiro_2018.csv,CONVÊNIO PMC, 0.00
receitas_janeiro_2018.csv,ESTACIONAMENTO ROTATIVO, 6812.00
receitas_janeiro_2018.csv,MULTAS DE TRÂNSITO, 398203.17
receitas_janeiro_2018.csv,MULTAS DE TRANSPORTES, 2042.61
receitas_janeiro_2018.csv,OUTRAS RECEITAS, 211.64
receitas_janeiro_2018.csv,PÁTIO DE VEÍCULOS, 17792.39
receitas_janeiro_2018.csv,RECEITAS FINANCEIRAS, 88.80
receitas_janeiro_2018.csv,TAXA DE GERENCIAMENTO INTERCAMP, 28832.11
receitas_janeiro_2018.csv,TAXA DE TAXI, 544.23
receitas_janeiro_2018.csv,VISTORIA DE VEÍCULOS, 214.21
receitas_janeiro_2018.csv,Dia: 23/01/2018,
receitas_janeiro_2018.csv,Descrição da Receita,Realizado
receitas_janeiro_2018.csv,CONVÊNIO PMC, 0.00
receitas_janeiro_2018.csv,ESTACIONAMENTO ROTATIVO, 5040.00
receitas_janeiro_2018.csv,MULTAS DE TRÂNSITO, 505229.82
receitas_janeiro_2018.csv,MULTAS DE TRANSPORTES, 2051.55
receitas_janeiro_2018.csv,OUTRAS RECEITAS, 165.84
receitas_janeiro_2018.csv,PÁTIO DE VEÍCULOS, 23763.61
receitas_janeiro_2018.csv,RECEITAS FINANCEIRAS, 0.00
receitas_janeiro_2018.csv,TAXA DE GERENCIAMENTO INTERCAMP, 28957.87
receitas_janeiro_2018.csv,TAXA DE TAXI, 226.13
receitas_janeiro_2018.csv,VISTORIA DE VEÍCULOS, 3138.22
receitas_janeiro_2018.csv,Dia: 24/01/2018,
receitas_janeiro_2018.csv,Descrição da Receita,Realizado
receitas_janeiro_2018.csv,CONVÊNIO PMC, 0.00
receitas_janeiro_2018.csv,ESTACIONAMENTO ROTATIVO, 7020.00
receitas_janeiro_2018.csv,MULTAS DE TRÂNSITO, 380429.94
receitas_janeiro_2018.csv,MULTAS DE TRANSPORTES, 1977.80
receitas_janeiro_2018.csv,OUTRAS RECEITAS, 25655.72
receitas_janeiro_2018.csv,PÁTIO DE VEÍCULOS, 4913.34
receitas_janeiro_2018.csv,RECEITAS FINANCEIRAS, 55.28
receitas_janeiro_2018.csv,TAXA DE GERENCIAMENTO INTERCAMP, 29050.22
receitas_janeiro_2018.csv,TAXA DE TAXI, 54.25
receitas_janeiro_2018.csv,VISTORIA DE VEÍCULOS, 4320.26
receitas_janeiro_2018.csv,Dia: 25/01/2018,
receitas_janeiro_2018.csv,Descrição da Receita,Realizado
receitas_janeiro_2018.csv,CONVÊNIO PMC, 0.00
receitas_janeiro_2018.csv,ESTACIONAMENTO ROTATIVO, 11300.00
receitas_janeiro_2018.csv,MULTAS DE TRÂNSITO, 262935.14
receitas_janeiro_2018.csv,MULTAS DE TRANSPORTES, 1716.14
receitas_janeiro_2018.csv,OUTRAS RECEITAS, 321.98
receitas_janeiro_2018.csv,PÁTIO DE VEÍCULOS, 57882.26
receitas_janeiro_2018.csv,RECEITAS FINANCEIRAS, 86.74
receitas_janeiro_2018.csv,TAXA DE GERENCIAMENTO INTERCAMP, 29055.89
receitas_janeiro_2018.csv,TAXA DE TAXI, 917.89
receitas_janeiro_2018.csv,VISTORIA DE VEÍCULOS, 432.61
receitas_janeiro_2018.csv,Dia: 26/01/2018,
receitas_janeiro_2018.csv,Descrição da Receita,Realizado
receitas_janeiro_2018.csv,CONVÊNIO PMC, 0.00
receitas_janeiro_2018.csv,ESTACIONAMENTO ROTATIVO, 14200.00
receitas_janeiro_2018.csv,MULTAS DE TRÂNSITO, 205166.20
receitas_janeiro_2018.csv,MULTAS DE TRANSPORTES, 2952.51
receitas_janeiro_2018.csv,OUTRAS RECEITAS, 243.36
receitas_janeiro_2018.csv,PÁTIO DE VEÍCULOS, 42369.28
receitas_janeiro_2018.csv,RECEITAS FINANCEIRAS, 0.00
receitas_janeiro_2018.csv,TAXA DE GERENCIAMENTO INTERCAMP, 55725.61
receitas_janeiro_2018.csv,TAXA DE TAXI, 124.42
receitas_janeiro_2018.csv,VISTORIA DE VEÍCULOS, 205.16
receitas_janeiro_2018.csv,Dia: 27/01/2018,
receitas_janeiro_2018.csv,Descrição da Receita,Realizado
receitas_janeiro_2018.csv,CONVÊNIO PMC, 0.00
receitas_janeiro_2018.csv,ESTACIONAMENTO ROTATIVO, 0.00
receitas_janeiro_2018.csv,MULTAS DE TRÂNSITO, 0.00
receitas_janeiro_2018.csv,MULTAS DE TRANSPORTES, 0.00
receitas_janeiro_2018.csv,OUTRAS RECEITAS, 0.00
receitas_janeiro_2018.csv,PÁTIO DE VEÍCULOS, 0.00
receitas_janeiro_2018.csv,RECEITAS FINANCEIRAS, 0.00
receitas_janeiro_2018.csv,TAXA DE GERENCIAMENTO INTERCAMP, 0.00
receitas_janeiro_2018.csv,TAXA DE TAXI, 0.00
receitas_janeiro_2018.csv,VISTORIA DE VEÍCULOS, 0.00
receitas_janeiro_2018.csv,Dia: 28/01/2018,
receitas_janeiro_2018.csv,Descrição da Receita,Realizado
receitas_janeiro_2018.csv,CONVÊNIO PMC, 0.00
receitas_janeiro_2018.csv,ESTACIONAMENTO ROTATIVO, 0.00
receitas_janeiro_2018.csv,MULTAS DE TRÂNSITO, 0.00
receitas_janeiro_2018.csv,MULTAS DE TRANSPORTES, 0.00
receitas_janeiro_2018.csv,OUTRAS RECEITAS, 0.00
receitas_janeiro_2018.csv,PÁTIO DE VEÍCULOS, 0.00
receitas_janeiro_2018.csv,RECEITAS FINANCEIRAS, 0.00
receitas_janeiro_2018.csv,TAXA DE GERENCIAMENTO INTERCAMP, 0.00
receitas_janeiro_2018.csv,TAXA DE TAXI, 0.00
receitas_janeiro_2018.csv,VISTORIA DE VEÍCULOS, 0.00
receitas_janeiro_2018.csv,Dia: 29/01/2018,
receitas_janeiro_2018.csv,Descrição da Receita,Realizado
receitas_janeiro_2018.csv,CONVÊNIO PMC, 0.00
receitas_janeiro_2018.csv,ESTACIONAMENTO ROTATIVO, 7320.00
receitas_janeiro_2018.csv,MULTAS DE TRÂNSITO, 260425.28
receitas_janeiro_2018.csv,MULTAS DE TRANSPORTES, 1568.65
receitas_janeiro_2018.csv,OUTRAS RECEITAS, 201.36
receitas_janeiro_2018.csv,PÁTIO DE VEÍCULOS, 27152.62
receitas_janeiro_2018.csv,RECEITAS FINANCEIRAS, 73.08
receitas_janeiro_2018.csv,TAXA DE GERENCIAMENTO INTERCAMP, 29436.61
receitas_janeiro_2018.csv,TAXA DE TAXI, 661.36
receitas_janeiro_2018.csv,VISTORIA DE VEÍCULOS, 10364.79
receitas_janeiro_2018.csv,Dia: 30/01/2018,
receitas_janeiro_2018.csv,Descrição da Receita,Realizado
receitas_janeiro_2018.csv,CONVÊNIO PMC, 0.00
receitas_janeiro_2018.csv,ESTACIONAMENTO ROTATIVO, 10732.00
receitas_janeiro_2018.csv,MULTAS DE TRÂNSITO, 250455.56
receitas_janeiro_2018.csv,MULTAS DE TRANSPORTES, 1483.58
receitas_janeiro_2018.csv,OUTRAS RECEITAS, 179.55
receitas_janeiro_2018.csv,PÁTIO DE VEÍCULOS, 24209.45
receitas_janeiro_2018.csv,RECEITAS FINANCEIRAS, 68.52
receitas_janeiro_2018.csv,TAXA DE GERENCIAMENTO INTERCAMP, 29409.21
receitas_janeiro_2018.csv,TAXA DE TAXI, 1312.17
receitas_janeiro_2018.csv,VISTORIA DE VEÍCULOS, 749.94
receitas_janeiro_2018.csv,Dia: 31/01/2018,
receitas_janeiro_2018.csv,Descrição da Receita,Realizado
receitas_janeiro_2018.csv,CONVÊNIO PMC, 0.00
receitas_janeiro_2018.csv,ESTACIONAMENTO ROTATIVO, 13260.00
receitas_janeiro_2018.csv,MULTAS DE TRÂNSITO, 229385.05
receitas_janeiro_2018.csv,MULTAS DE TRANSPORTES, 2741.78
receitas_janeiro_2018.csv,OUTRAS RECEITAS, 100729.25
receitas_janeiro_2018.csv,PÁTIO DE VEÍCULOS, 24362.20
receitas_janeiro_2018.csv,RECEITAS FINANCEIRAS, 57.22
receitas_janeiro_2018.csv,TAXA DE GERENCIAMENTO INTERCAMP, 29436.33
receitas_janeiro_2018.csv,TAXA DE TAXI, 617.68
receitas_janeiro_2018.csv,VISTORIA DE VEÍCULOS, 1133.39
receitas_marco_2018.csv,Descrição da Receita,Realizado
receitas_marco_2018.csv,CONVÊNIO PMC, 0.00
receitas_marco_2018.csv,ESTACIONAMENTO ROTATIVO, 6617.22
receitas_marco_2018.csv,MULTAS DE TRÂNSITO, 291327.80
receitas_marco_2018.csv,MULTAS DE TRANSPORTES, 601625.57
receitas_marco_2018.csv,OUTRAS RECEITAS, 32806.59
receitas_marco_2018.csv,PÁTIO DE VEÍCULOS, 17138.62
receitas_marco_2018.csv,RECEITAS FINANCEIRAS, 0.00
receitas_marco_2018.csv,TAXA DE GERENCIAMENTO INTERCAMP, 32831.70
receitas_marco_2018.csv,TAXA DE TAXI, 3587.27
receitas_marco_2018.csv,VISTORIA DE VEÍCULOS, 192.61
receitas_marco_2018.csv,Dia: 02/03/2018,
receitas_marco_2018.csv,Descrição da Receita,Realizado
receitas_marco_2018.csv,CONVÊNIO PMC, 0.00
receitas_marco_2018.csv,ESTACIONAMENTO ROTATIVO, 383.28
receitas_marco_2018.csv,MULTAS DE TRÂNSITO, 292782.86
receitas_marco_2018.csv,MULTAS DE TRANSPORTES, 2672.66
receitas_marco_2018.csv,OUTRAS RECEITAS, 4198.77
receitas_marco_2018.csv,PÁTIO DE VEÍCULOS, 24948.96
receitas_marco_2018.csv,RECEITAS FINANCEIRAS, 6.60
receitas_marco_2018.csv,TAXA DE GERENCIAMENTO INTERCAMP, 59753.91
receitas_marco_2018.csv,TAXA DE TAXI, 2053.75
receitas_marco_2018.csv,VISTORIA DE VEÍCULOS, 1244.96
receitas_marco_2018.csv,Dia: 03/03/2018,
receitas_marco_2018.csv,Descrição da Receita,Realizado
receitas_marco_2018.csv,CONVÊNIO PMC, 0.00
receitas_marco_2018.csv,ESTACIONAMENTO ROTATIVO, 0.00
receitas_marco_2018.csv,MULTAS DE TRÂNSITO, 0.00
receitas_marco_2018.csv,MULTAS DE TRANSPORTES, 0.00
receitas_marco_2018.csv,OUTRAS RECEITAS, 0.00
receitas_marco_2018.csv,PÁTIO DE VEÍCULOS, 0.00
receitas_marco_2018.csv,RECEITAS FINANCEIRAS, 0.00
receitas_marco_2018.csv,TAXA DE GERENCIAMENTO INTERCAMP, 0.00
receitas_marco_2018.csv,TAXA DE TAXI, 0.00
receitas_marco_2018.csv,VISTORIA DE VEÍCULOS, 0.00
receitas_marco_2018.csv,Dia: 04/03/2018,
receitas_marco_2018.csv,Descrição da Receita,Realizado
receitas_marco_2018.csv,CONVÊNIO PMC, 0.00
receitas_marco_2018.csv,ESTACIONAMENTO ROTATIVO, 0.00
receitas_marco_2018.csv,MULTAS DE TRÂNSITO, 0.00
receitas_marco_2018.csv,MULTAS DE TRANSPORTES, 0.00
receitas_marco_2018.csv,OUTRAS RECEITAS, 0.00
receitas_marco_2018.csv,PÁTIO DE VEÍCULOS, 0.00
receitas_marco_2018.csv,RECEITAS FINANCEIRAS, 0.00
receitas_marco_2018.csv,TAXA DE GERENCIAMENTO INTERCAMP, 0.00
receitas_marco_2018.csv,TAXA DE TAXI, 0.00
receitas_marco_2018.csv,VISTORIA DE VEÍCULOS, 0.00
receitas_marco_2018.csv,Dia: 05/03/2018,
receitas_marco_2018.csv,Descrição da Receita,Realizado
receitas_marco_2018.csv,CONVÊNIO PMC, 0.00
receitas_marco_2018.csv,ESTACIONAMENTO ROTATIVO, 1520.00
receitas_marco_2018.csv,MULTAS DE TRÂNSITO, 194580.71
receitas_marco_2018.csv,MULTAS DE TRANSPORTES, 96261.35
receitas_marco_2018.csv,OUTRAS RECEITAS, 181.35
receitas_marco_2018.csv,PÁTIO DE VEÍCULOS, 18838.33
receitas_marco_2018.csv,RECEITAS FINANCEIRAS, 0.00
receitas_marco_2018.csv,TAXA DE GERENCIAMENTO INTERCAMP, 31635.43
receitas_marco_2018.csv,TAXA DE TAXI, 2686.26
receitas_marco_2018.csv,VISTORIA DE VEÍCULOS, 672.77
receitas_marco_2018.csv,Dia: 06/03/2018,
receitas_marco_2018.csv,Descrição da Receita,Realizado
receitas_marco_2018.csv,CONVÊNIO PMC, 0.00
receitas_marco_2018.csv,ESTACIONAMENTO ROTATIVO, 8608.00
receitas_marco_2018.csv,MULTAS DE TRÂNSITO, 209229.65
receitas_marco_2018.csv,MULTAS DE TRANSPORTES, 1750.94
receitas_marco_2018.csv,OUTRAS RECEITAS, 326.36
receitas_marco_2018.csv,PÁTIO DE VEÍCULOS, 25404.58
receitas_marco_2018.csv,RECEITAS FINANCEIRAS, 0.00
receitas_marco_2018.csv,TAXA DE GERENCIAMENTO INTERCAMP, 32540.20
receitas_marco_2018.csv,TAXA DE TAXI, 959.55
receitas_marco_2018.csv,VISTORIA DE VEÍCULOS, 989.36
receitas_marco_2018.csv,Dia: 07/03/2018,
receitas_marco_2018.csv,Descrição da Receita,Realizado
receitas_marco_2018.csv,CONVÊNIO PMC, 0.00
receitas_marco_2018.csv,ESTACIONAMENTO ROTATIVO, 17532.00
receitas_marco_2018.csv,MULTAS DE TRÂNSITO, 237585.59
receitas_marco_2018.csv,MULTAS DE TRANSPORTES, 1956.83
receitas_marco_2018.csv,OUTRAS RECEITAS, 287.81
receitas_marco_2018.csv,PÁTIO DE VEÍCULOS, 24173.94
receitas_marco_2018.csv,RECEITAS FINANCEIRAS, 0.00
receitas_marco_2018.csv,TAXA DE GERENCIAMENTO INTERCAMP, 31997.65
receitas_marco_2018.csv,TAXA DE TAXI, 1979.27
receitas_marco_2018.csv,VISTORIA DE VEÍCULOS, 2431.11
receitas_marco_2018.csv,Dia: 08/03/2018,
receitas_marco_2018.csv,Descrição da Receita,Realizado
receitas_marco_2018.csv,CONVÊNIO PMC, 0.00
receitas_marco_2018.csv,ESTACIONAMENTO ROTATIVO, 6380.00
receitas_marco_2018.csv,MULTAS DE TRÂNSITO, 248061.54
receitas_marco_2018.csv,MULTAS DE TRANSPORTES, 1681.98
receitas_marco_2018.csv,OUTRAS RECEITAS, 319.48
receitas_marco_2018.csv,PÁTIO DE VEÍCULOS, 20571.73
receitas_marco_2018.csv,RECEITAS FINANCEIRAS, 0.00
receitas_marco_2018.csv,TAXA DE GERENCIAMENTO INTERCAMP, 30953.02
receitas_marco_2018.csv,TAXA DE TAXI, 1291.83
receitas_marco_2018.csv,VISTORIA DE VEÍCULOS, 2288.65
receitas_marco_2018.csv,Dia: 09/03/2018,
receitas_marco_2018.csv,Descrição da Receita,Realizado
receitas_marco_2018.csv,CONVÊNIO PMC, 2000000.00
receitas_marco_2018.csv,ESTACIONAMENTO ROTATIVO, 24600.00
receitas_marco_2018.csv,MULTAS DE TRÂNSITO, 259282.46
receitas_marco_2018.csv,MULTAS DE TRANSPORTES, 3329.37
receitas_marco_2018.csv,OUTRAS RECEITAS, 26685.29
receitas_marco_2018.csv,PÁTIO DE VEÍCULOS, 25727.87
receitas_marco_2018.csv,RECEITAS FINANCEIRAS, 0.00
receitas_marco_2018.csv,TAXA DE GERENCIAMENTO INTERCAMP, 59896.86
receitas_marco_2018.csv,TAXA DE TAXI, 1546.13
receitas_marco_2018.csv,VISTORIA DE VEÍCULOS, 300.10
receitas_marco_2018.csv,Dia: 10/03/2018,
receitas_marco_2018.csv,Descrição da Receita,Realizado
receitas_marco_2018.csv,CONVÊNIO PMC, 0.00
receitas_marco_2018.csv,ESTACIONAMENTO ROTATIVO, 0.00
receitas_marco_2018.csv,MULTAS DE TRÂNSITO, 0.00
receitas_marco_2018.csv,MULTAS DE TRANSPORTES, 0.00
receitas_marco_2018.csv,OUTRAS RECEITAS, 0.00
receitas_marco_2018.csv,PÁTIO DE VEÍCULOS, 0.00
receitas_marco_2018.csv,RECEITAS FINANCEIRAS, 0.00
receitas_marco_2018.csv,TAXA DE GERENCIAMENTO INTERCAMP, 0.00
receitas_marco_2018.csv,TAXA DE TAXI, 0.00
receitas_marco_2018.csv,VISTORIA DE VEÍCULOS, 0.00
receitas_marco_2018.csv,Dia: 11/03/2018,
receitas_marco_2018.csv,Descrição da Receita,Realizado
receitas_marco_2018.csv,CONVÊNIO PMC, 0.00
receitas_marco_2018.csv,ESTACIONAMENTO ROTATIVO, 0.00
receitas_marco_2018.csv,MULTAS DE TRÂNSITO, 0.00
receitas_marco_2018.csv,MULTAS DE TRANSPORTES, 0.00
receitas_marco_2018.csv,OUTRAS RECEITAS, 0.00
receitas_marco_2018.csv,PÁTIO DE VEÍCULOS, 0.00
receitas_marco_2018.csv,RECEITAS FINANCEIRAS, 0.00
receitas_marco_2018.csv,TAXA DE GERENCIAMENTO INTERCAMP, 0.00
receitas_marco_2018.csv,TAXA DE TAXI, 0.00
receitas_marco_2018.csv,VISTORIA DE VEÍCULOS, 0.00
receitas_marco_2018.csv,Dia: 12/03/2018,
receitas_marco_2018.csv,Descrição da Receita,Realizado
receitas_marco_2018.csv,CONVÊNIO PMC, 0.00
receitas_marco_2018.csv,ESTACIONAMENTO ROTATIVO, 10180.00
receitas_marco_2018.csv,MULTAS DE TRÂNSITO, 264840.94
receitas_marco_2018.csv,MULTAS DE TRANSPORTES, 1674.93
receitas_marco_2018.csv,OUTRAS RECEITAS, 116.79
receitas_marco_2018.csv,PÁTIO DE VEÍCULOS, 25576.29
receitas_marco_2018.csv,RECEITAS FINANCEIRAS, 0.00
receitas_marco_2018.csv,TAXA DE GERENCIAMENTO INTERCAMP, 32789.86
receitas_marco_2018.csv,TAXA DE TAXI, 3092.24
receitas_marco_2018.csv,VISTORIA DE VEÍCULOS, 1165.59
receitas_marco_2018.csv,Dia: 13/03/2018,
receitas_marco_2018.csv,Descrição da Receita,Realizado
receitas_marco_2018.csv,CONVÊNIO PMC, 0.00
receitas_marco_2018.csv,ESTACIONAMENTO ROTATIVO, 11700.00
receitas_marco_2018.csv,MULTAS DE TRÂNSITO, 268352.42
receitas_marco_2018.csv,MULTAS DE TRANSPORTES, 1875.08
receitas_marco_2018.csv,OUTRAS RECEITAS, 1031.62
receitas_marco_2018.csv,PÁTIO DE VEÍCULOS, 33673.57
receitas_marco_2018.csv,RECEITAS FINANCEIRAS, 0.00
receitas_marco_2018.csv,TAXA DE GERENCIAMENTO INTERCAMP, 33729.76
receitas_marco_2018.csv,TAXA DE TAXI, 1023.99
receitas_marco_2018.csv,VISTORIA DE VEÍCULOS, 395.34
receitas_marco_2018.csv,Dia: 14/03/2018,
receitas_marco_2018.csv,Descrição da Receita,Realizado
receitas_marco_2018.csv,CONVÊNIO PMC, 0.00
receitas_marco_2018.csv,ESTACIONAMENTO ROTATIVO, 12152.00
receitas_marco_2018.csv,MULTAS DE TRÂNSITO, 273273.80
receitas_marco_2018.csv,MULTAS DE TRANSPORTES, 2504.80
receitas_marco_2018.csv,OUTRAS RECEITAS, 622.12
receitas_marco_2018.csv,PÁTIO DE VEÍCULOS, 29008.83
receitas_marco_2018.csv,RECEITAS FINANCEIRAS, 0.00
receitas_marco_2018.csv,TAXA DE GERENCIAMENTO INTERCAMP, 34448.43
receitas_marco_2018.csv,TAXA DE TAXI, 878.17
receitas_marco_2018.csv,VISTORIA DE VEÍCULOS, 872.67
receitas_marco_2018.csv,Dia: 15/03/2018,
receitas_marco_2018.csv,Descrição da Receita,Realizado
receitas_marco_2018.csv,CONVÊNIO PMC, 0.00
receitas_marco_2018.csv,ESTACIONAMENTO ROTATIVO, 8280.00
receitas_marco_2018.csv,MULTAS DE TRÂNSITO, 344523.71
receitas_marco_2018.csv,MULTAS DE TRANSPORTES, 1995.95
receitas_marco_2018.csv,OUTRAS RECEITAS, 284.48
receitas_marco_2018.csv,PÁTIO DE VEÍCULOS, 36204.14
receitas_marco_2018.csv,RECEITAS FINANCEIRAS, 36.44
receitas_marco_2018.csv,TAXA DE GERENCIAMENTO INTERCAMP, 33988.56
receitas_marco_2018.csv,TAXA DE TAXI, 690.01
receitas_marco_2018.csv,VISTORIA DE VEÍCULOS, 265.18
receitas_marco_2018.csv,Dia: 16/03/2018,
receitas_marco_2018.csv,Descrição da Receita,Realizado
receitas_marco_2018.csv,CONVÊNIO PMC, 0.00
receitas_marco_2018.csv,ESTACIONAMENTO ROTATIVO, 6160.00
receitas_marco_2018.csv,MULTAS DE TRÂNSITO, 259899.95
receitas_marco_2018.csv,MULTAS DE TRANSPORTES, 3476.27
receitas_marco_2018.csv,OUTRAS RECEITAS, 370.25
receitas_marco_2018.csv,PÁTIO DE VEÍCULOS, 25079.27
receitas_marco_2018.csv,RECEITAS FINANCEIRAS, 0.00
receitas_marco_2018.csv,TAXA DE GERENCIAMENTO INTERCAMP, 62537.92
receitas_marco_2018.csv,TAXA DE TAXI, 1176.21
receitas_marco_2018.csv,VISTORIA DE VEÍCULOS, 120.04
receitas_marco_2018.csv,Dia: 17/03/2018,
receitas_marco_2018.csv,Descrição da Receita,Realizado
receitas_marco_2018.csv,CONVÊNIO PMC, 0.00
receitas_marco_2018.csv,ESTACIONAMENTO ROTATIVO, 0.00
receitas_marco_2018.csv,MULTAS DE TRÂNSITO, 0.00
receitas_marco_2018.csv,MULTAS DE TRANSPORTES, 0.00
receitas_marco_2018.csv,OUTRAS RECEITAS, 0.00
receitas_marco_2018.csv,PÁTIO DE VEÍCULOS, 0.00
receitas_marco_2018.csv,RECEITAS FINANCEIRAS, 0.00
receitas_marco_2018.csv,TAXA DE GERENCIAMENTO INTERCAMP, 0.00
receitas_marco_2018.csv,TAXA DE TAXI, 0.00
receitas_marco_2018.csv,VISTORIA DE VEÍCULOS, 0.00
receitas_marco_2018.csv,Dia: 18/03/2018,
receitas_marco_2018.csv,Descrição da Receita,Realizado
receitas_marco_2018.csv,CONVÊNIO PMC, 0.00
receitas_marco_2018.csv,ESTACIONAMENTO ROTATIVO, 0.00
receitas_marco_2018.csv,MULTAS DE TRÂNSITO, 0.00
receitas_marco_2018.csv,MULTAS DE TRANSPORTES, 0.00
receitas_marco_2018.csv,OUTRAS RECEITAS, 0.00
receitas_marco_2018.csv,PÁTIO DE VEÍCULOS, 0.00
receitas_marco_2018.csv,RECEITAS FINANCEIRAS, 0.00
receitas_marco_2018.csv,TAXA DE GERENCIAMENTO INTERCAMP, 0.00
receitas_marco_2018.csv,TAXA DE TAXI, 0.00
receitas_marco_2018.csv,VISTORIA DE VEÍCULOS, 0.00
receitas_marco_2018.csv,Dia: 19/03/2018,
receitas_marco_2018.csv,Descrição da Receita,Realizado
receitas_marco_2018.csv,CONVÊNIO PMC, 0.00
receitas_marco_2018.csv,ESTACIONAMENTO ROTATIVO, 580.00
receitas_marco_2018.csv,MULTAS DE TRÂNSITO, 261777.33
receitas_marco_2018.csv,MULTAS DE TRANSPORTES, 2278.51
receitas_marco_2018.csv,OUTRAS RECEITAS, 3177.16
receitas_marco_2018.csv,PÁTIO DE VEÍCULOS, 35377.91
receitas_marco_2018.csv,RECEITAS FINANCEIRAS, 0.00
receitas_marco_2018.csv,TAXA DE GERENCIAMENTO INTERCAMP, 38483.76
receitas_marco_2018.csv,TAXA DE TAXI, 1883.48
receitas_marco_2018.csv,VISTORIA DE VEÍCULOS, 338.39
receitas_marco_2018.csv,Dia: 20/03/2018,
receitas_marco_2018.csv,Descrição da Receita,Realizado
receitas_marco_2018.csv,CONVÊNIO PMC, 0.00
receitas_marco_2018.csv,ESTACIONAMENTO ROTATIVO, 12648.00
receitas_marco_2018.csv,MULTAS DE TRÂNSITO, 242341.67
receitas_marco_2018.csv,MULTAS DE TRANSPORTES, 1595.01
receitas_marco_2018.csv,OUTRAS RECEITAS, 220.16
receitas_marco_2018.csv,PÁTIO DE VEÍCULOS, 37722.28
receitas_marco_2018.csv,RECEITAS FINANCEIRAS, 0.00
receitas_marco_2018.csv,TAXA DE GERENCIAMENTO INTERCAMP, 33243.25
receitas_marco_2018.csv,TAXA DE TAXI, 881.57
receitas_marco_2018.csv,VISTORIA DE VEÍCULOS, 1492.96
receitas_marco_2018.csv,Dia: 21/03/2018,
receitas_marco_2018.csv,Descrição da Receita,Realizado
receitas_marco_2018.csv,CONVÊNIO PMC, 0.00
receitas_marco_2018.csv,ESTACIONAMENTO ROTATIVO, 12760.00
receitas_marco_2018.csv,MULTAS DE TRÂNSITO, 229110.87
receitas_marco_2018.csv,MULTAS DE TRANSPORTES, 2893.42
receitas_marco_2018.csv,OUTRAS RECEITAS, 276.40
receitas_marco_2018.csv,PÁTIO DE VEÍCULOS, 36899.99
receitas_marco_2018.csv,RECEITAS FINANCEIRAS, 0.00
receitas_marco_2018.csv,TAXA DE GERENCIAMENTO INTERCAMP, 32761.38
receitas_marco_2018.csv,TAXA DE TAXI, 1227.41
receitas_marco_2018.csv,VISTORIA DE VEÍCULOS, 1016.51
receitas_marco_2018.csv,Dia: 22/03/2018,
receitas_marco_2018.csv,Descrição da Receita,Realizado
receitas_marco_2018.csv,CONVÊNIO PMC, 0.00
receitas_marco_2018.csv,ESTACIONAMENTO ROTATIVO, 15292.00
receitas_marco_2018.csv,MULTAS DE TRÂNSITO, 194403.07
receitas_marco_2018.csv,MULTAS DE TRANSPORTES, 2453.66
receitas_marco_2018.csv,OUTRAS RECEITAS, 782.80
receitas_marco_2018.csv,PÁTIO DE VEÍCULOS, 26347.08
receitas_marco_2018.csv,RECEITAS FINANCEIRAS, 0.00
receitas_marco_2018.csv,TAXA DE GERENCIAMENTO INTERCAMP, 32670.06
receitas_marco_2018.csv,TAXA DE TAXI, 1651.24
receitas_marco_2018.csv,VISTORIA DE VEÍCULOS, 427.42
receitas_marco_2018.csv,Dia: 23/03/2018,
receitas_marco_2018.csv,Descrição da Receita,Realizado
receitas_marco_2018.csv,CONVÊNIO PMC, 0.00
receitas_marco_2018.csv,ESTACIONAMENTO ROTATIVO, 16740.00
receitas_marco_2018.csv,MULTAS DE TRÂNSITO, 236650.86
receitas_marco_2018.csv,MULTAS DE TRANSPORTES, 4550.50
receitas_marco_2018.csv,OUTRAS RECEITAS, 24946.59
receitas_marco_2018.csv,PÁTIO DE VEÍCULOS, 12597.79
receitas_marco_2018.csv,RECEITAS FINANCEIRAS, 0.00
receitas_marco_2018.csv,TAXA DE GERENCIAMENTO INTERCAMP, 59470.92
receitas_marco_2018.csv,TAXA DE TAXI, 2288.66
receitas_marco_2018.csv,VISTORIA DE VEÍCULOS, 509.50
receitas_marco_2018.csv,Dia: 24/03/2018,
receitas_marco_2018.csv,Descrição da Receita,Realizado
receitas_marco_2018.csv,CONVÊNIO PMC, 0.00
receitas_marco_2018.csv,ESTACIONAMENTO ROTATIVO, 0.00
receitas_marco_2018.csv,MULTAS DE TRÂNSITO, 0.00
receitas_marco_2018.csv,MULTAS DE TRANSPORTES, 0.00
receitas_marco_2018.csv,OUTRAS RECEITAS, 0.00
receitas_marco_2018.csv,PÁTIO DE VEÍCULOS, 0.00
receitas_marco_2018.csv,RECEITAS FINANCEIRAS, 0.00
receitas_marco_2018.csv,TAXA DE GERENCIAMENTO INTERCAMP, 0.00
receitas_marco_2018.csv,TAXA DE TAXI, 0.00
receitas_marco_2018.csv,VISTORIA DE VEÍCULOS, 0.00
receitas_marco_2018.csv,Dia: 25/03/2018,
receitas_marco_2018.csv,Descrição da Receita,Realizado
receitas_marco_2018.csv,CONVÊNIO PMC, 0.00
receitas_marco_2018.csv,ESTACIONAMENTO ROTATIVO, 0.00
receitas_marco_2018.csv,MULTAS DE TRÂNSITO, 0.00
receitas_marco_2018.csv,MULTAS DE TRANSPORTES, 0.00
receitas_marco_2018.csv,OUTRAS RECEITAS, 0.00
receitas_marco_2018.csv,PÁTIO DE VEÍCULOS, 0.00
receitas_marco_2018.csv,RECEITAS FINANCEIRAS, 0.00
receitas_marco_2018.csv,TAXA DE GERENCIAMENTO INTERCAMP, 0.00
receitas_marco_2018.csv,TAXA DE TAXI, 0.00
receitas_marco_2018.csv,VISTORIA DE VEÍCULOS, 0.00
receitas_marco_2018.csv,Dia: 26/03/2018,
receitas_marco_2018.csv,Descrição da Receita,Realizado
receitas_marco_2018.csv,CONVÊNIO PMC, 0.00
receitas_marco_2018.csv,ESTACIONAMENTO ROTATIVO, 6980.00
receitas_marco_2018.csv,MULTAS DE TRÂNSITO, 217799.23
receitas_marco_2018.csv,MULTAS DE TRANSPORTES, 2158.36
receitas_marco_2018.csv,OUTRAS RECEITAS, 149.27
receitas_marco_2018.csv,PÁTIO DE VEÍCULOS, 28717.39
receitas_marco_2018.csv,RECEITAS FINANCEIRAS, 0.00
receitas_marco_2018.csv,TAXA DE GERENCIAMENTO INTERCAMP, 32322.75
receitas_marco_2018.csv,TAXA DE TAXI, 2766.74
receitas_marco_2018.csv,VISTORIA DE VEÍCULOS, 399.61
receitas_marco_2018.csv,Dia: 27/03/2018,
receitas_marco_2018.csv,Descrição da Receita,Realizado
receitas_marco_2018.csv,CONVÊNIO PMC, 0.00
receitas_marco_2018.csv,ESTACIONAMENTO ROTATIVO, 2952.00
receitas_marco_2018.csv,MULTAS DE TRÂNSITO, 243841.31
receitas_marco_2018.csv,MULTAS DE TRANSPORTES, 2482.89
receitas_marco_2018.csv,OUTRAS RECEITAS, 96848.43
receitas_marco_2018.csv,PÁTIO DE VEÍCULOS, 31626.58
receitas_marco_2018.csv,RECEITAS FINANCEIRAS, 0.00
receitas_marco_2018.csv,TAXA DE GERENCIAMENTO INTERCAMP, 32780.24
receitas_marco_2018.csv,TAXA DE TAXI, 1359.66
receitas_marco_2018.csv,VISTORIA DE VEÍCULOS, 170.88
receitas_marco_2018.csv,Dia: 28/03/2018,
receitas_marco_2018.csv,Descrição da Receita,Realizado
receitas_marco_2018.csv,CONVÊNIO PMC, 0.00
receitas_marco_2018.csv,ESTACIONAMENTO ROTATIVO, 4832.00
receitas_marco_2018.csv,MULTAS DE TRÂNSITO, 206225.87
receitas_marco_2018.csv,MULTAS DE TRANSPORTES, 2762.39
receitas_marco_2018.csv,OUTRAS RECEITAS, 253.36
receitas_marco_2018.csv,PÁTIO DE VEÍCULOS, 29594.76
receitas_marco_2018.csv,RECEITAS FINANCEIRAS, 0.00
receitas_marco_2018.csv,TAXA DE GERENCIAMENTO INTERCAMP, 33380.92
receitas_marco_2018.csv,TAXA DE TAXI, 912.09
receitas_marco_2018.csv,VISTORIA DE VEÍCULOS, 747.48
receitas_marco_2018.csv,Dia: 29/03/2018,
receitas_marco_2018.csv,Descrição da Receita,Realizado
receitas_marco_2018.csv,CONVÊNIO PMC, 1500000.00
receitas_marco_2018.csv,ESTACIONAMENTO ROTATIVO, 8772.00
receitas_marco_2018.csv,MULTAS DE TRÂNSITO, 225047.53
receitas_marco_2018.csv,MULTAS DE TRANSPORTES, 2458.92
receitas_marco_2018.csv,OUTRAS RECEITAS, 176.56
receitas_marco_2018.csv,PÁTIO DE VEÍCULOS, 39854.02
receitas_marco_2018.csv,RECEITAS FINANCEIRAS, 0.00
receitas_marco_2018.csv,TAXA DE GERENCIAMENTO INTERCAMP, 33009.45
receitas_marco_2018.csv,TAXA DE TAXI, 2477.70
receitas_marco_2018.csv,VISTORIA DE VEÍCULOS, 6739.13
receitas_marco_2018.csv,Dia: 30/03/2018,
receitas_marco_2018.csv,Descrição da Receita,Realizado
receitas_marco_2018.csv,CONVÊNIO PMC, 0.00
receitas_marco_2018.csv,ESTACIONAMENTO ROTATIVO, 0.00
receitas_marco_2018.csv,MULTAS DE TRÂNSITO, 0.00
receitas_marco_2018.csv,MULTAS DE TRANSPORTES, 0.00
receitas_marco_2018.csv,OUTRAS RECEITAS, 0.00
receitas_marco_2018.csv,PÁTIO DE VEÍCULOS, 0.00
receitas_marco_2018.csv,RECEITAS FINANCEIRAS, 0.00
receitas_marco_2018.csv,TAXA DE GERENCIAMENTO INTERCAMP, 0.00
receitas_marco_2018.csv,TAXA DE TAXI, 0.00
receitas_marco_2018.csv,VISTORIA DE VEÍCULOS, 0.00
receitas_marco_2018.csv,Dia: 31/03/2018,
receitas_marco_2018.csv,Descrição da Receita,Realizado
receitas_marco_2018.csv,CONVÊNIO PMC, 0.00
receitas_marco_2018.csv,ESTACIONAMENTO ROTATIVO, 0.00
receitas_marco_2018.csv,MULTAS DE TRÂNSITO, 0.00
receitas_marco_2018.csv,MULTAS DE TRANSPORTES, 0.00
receitas_marco_2018.csv,OUTRAS RECEITAS, 0.00
receitas_marco_2018.csv,PÁTIO DE VEÍCULOS, 0.00
receitas_marco_2018.csv,RECEITAS FINANCEIRAS, 0.00
receitas_marco_2018.csv,TAXA DE GERENCIAMENTO INTERCAMP, 0.00
receitas_marco_2018.csv,TAXA DE TAXI, 0.00
receitas_marco_2018.csv,VISTORIA DE VEÍCULOS, 0.00
